vehicle_name,fleet_name,brand,model,category,fuel_type_clean,days_active,distance_traveled_km,liters_consumed,engine_time_sec,travel_time_sec,idle_time_sec,total_co2_kg,total_fuel_cost_eur,km_per_liter,idle_ratio
GN961GY,NOLEGGIO PRIVATO ,,,Default,default,7,1793.01171875,113.5,214458.0,91692.0,122766.0,283.75,170.25,15.797460077092511,0.5724477520073861
GP497NZ,POLISTIROLO_,,,Default,default,7,1783.421875,193.5,123185.0,101557.0,21628.0,483.75,290.25,9.216650516795866,0.17557332467427042
EJ476EB,RAFI TRASPORTO MERCI,,,Default,default,7,1738.875,252.29999999999998,129496.0,103862.0,25634.0,630.75,378.45,6.892092746730084,0.1979520602952987
HA990DH,AMBIENTE,,,Default,default,7,1655.478515625,165.7,120531.0,80946.0,41532.0,414.25,248.54999999999998,9.990817837205794,0.34457525449884263
GR362NG,MILANO,,,Default,default,8,1577.9375,274.0,350315.0,174278.0,176037.0,685.0,411.0,5.75889598540146,0.5025105976050126
GR469SM,EDILI ,,,Default,default,7,1577.4609375,108.8,97540.0,89430.0,8110.0,272.0,163.2,14.49872185202206,0.08314537625589502
GN036WP,UFFICIO MEZZI,,,Default,default,7,1576.1796875,79.6,76608.0,74576.0,2286.0,199.0,119.4,19.80125235552764,0.029840225563909775
FM716BG,AMBIENTE,,,Default,default,8,1536.859375,59.0,145531.0,95264.0,51196.0,147.5,88.5,26.048463983050848,0.35178759164714046
FJ750LL,RAFI TRASPORTO MERCI,,,Default,default,7,1526.5,366.0,130493.0,106540.0,23953.0,915.0,549.0,4.170765027322404,0.1835577387292805
GW756NE,UFFICIO MEZZI,,,Default,default,8,1515.5859375,177.5,0.0,115584.0,0.0,443.75,266.25,8.538512323943662,
HA601KA,UFFICIO MEZZI,,,Default,default,7,1512.072998046875,97.3,114841.0,74557.0,40284.0,243.25,145.95000000000002,15.540318582187822,0.35078064454332514
GR364NG,MILANO,,,Default,default,8,1447.11328125,293.9,379178.0,247768.0,204350.0,734.75,440.85,4.92382878955427,0.5389289462996271
GR365NG,MILANO,,,Default,default,8,1443.171875,285.2,432845.0,142895.0,289950.0,713.0,427.80000000000007,5.060209940392707,0.6698702768889556
GF030KE,RAFI TRASPORTO MERCI,,,Default,default,8,1426.125,184.9,134103.0,110931.0,23172.0,462.25,277.35,7.71295294753921,0.17279255497639873
FX388TT,MILANO,,,Default,default,8,1423.21875,222.1,430673.0,155701.0,274972.0,555.25,333.15,6.408008779828906,0.6384704868891247
HA164CA,SCARRABILI,,,Default,default,7,1403.7529296875,327.5,155018.0,100547.0,54471.0,818.75,491.25,4.28626848759542,0.35138500045156046
GS903KL,RAFI TRASPORTO MERCI,,,Default,default,8,1373.9609375,912.6,133967.0,86833.0,47134.0,2281.5,1368.9,1.5055456251369712,0.3518329140758545
GL742SN,KOLA-FERRANTE,,,Default,default,7,1347.546875,88.10000000000001,146379.0,76389.0,69990.0,220.25,132.15,15.295651248581157,0.47814235648556147
FM353PF,BOLOGNA,,,Default,default,7,1343.515625,102.6,136640.0,96659.0,44565.0,256.5,153.9,13.094694200779728,0.3261490046838407
GT388GK,PRATO INGOMBRANTI,,,Default,default,8,1308.734375,228.8,383395.0,140595.0,242800.0,572.0,343.2,5.7199928977272725,0.633289427352991
GS672VE,SETTORE SICUREZZA,,,Default,default,7,1294.109375,81.5,198465.0,67768.0,130697.0,203.75,122.25000000000001,15.87864263803681,0.6585392890434082
FM706BV,KOLA-FERRANTE,,,Default,default,8,1293.09375,31.5,232057.0,114210.0,117847.0,78.75,47.25,41.05059523809524,0.5078364367375257
GB681ZG,TRASLOCHI ,,,Default,default,7,1288.5,235.1,137973.0,86969.0,51004.0,587.75,352.65,5.480646533390047,0.36966652895856433
FX369TT,RAFI TRASPORTO MERCI,,,Default,default,7,1271.28125,741.9,95530.0,73022.0,22508.0,1854.75,1112.85,1.713547984903626,0.23561184968072857
GT272GK,UTILYA NOVENTA ,,,Default,default,7,1240.19921875,589.2,201967.0,79016.0,122951.0,1473.0,883.8000000000001,2.1048866577562797,0.608767768991964
FW145FX,AMIANTO,,,Default,default,7,1240.125,170.4,90392.0,79870.0,10522.0,426.0,255.60000000000002,7.277728873239436,0.11640410655810249
GW972DC,AMBIENTE SARTI,,,Default,default,6,1206.21875,156.4,77320.0,72106.0,5214.0,391.0,234.60000000000002,7.712396099744245,0.0674340403517848
GP378NC,BOLOGNA,,,Default,default,7,1189.7265625,184.3,214405.0,103263.0,111142.0,460.75,276.45,6.455380154639175,0.5183741050815046
DP096SJ,PULIZIE COOP ,,,Default,default,8,1188.625,42.8,135785.0,90918.0,44867.0,107.0,64.2,27.77161214953271,0.33042677762639466
GR887PV,OFFICINA MOBILE ,,,Default,default,6,1187.875,177.5,63590.0,56343.0,7247.0,443.75,266.25,6.69225352112676,0.11396445982072653
GW857WB,UFFICIO MEZZI,,,Default,default,6,1175.69921875,61.8,162534.0,58502.0,104032.0,154.5,92.69999999999999,19.024259203074436,0.640063002202616
GY929HW,COSTABISSARA,,,Default,default,7,1165.7421875,81.0,172946.0,59204.0,113742.0,202.5,121.5,14.391878858024691,0.6576734934603865
GB748ZG,RAFI TRASPORTO MERCI,,,Default,default,7,1132.125,147.9,93446.0,81268.0,12178.0,369.75,221.85000000000002,7.654665314401623,0.13032125505639622
GX650SV,UFFICIO MEZZI,,,Default,default,7,1129.8876953125,48.6,83375.0,138451.0,1713.0,121.5,72.9,23.248718010545268,0.020545727136431786
GL060PV,SETTORE SICUREZZA,,,Default,default,7,1114.265625,54.3,60345.0,59323.0,1609.0,135.75,81.45,20.520545580110497,0.02666335239042174
FV794FJ,UTILYA NOVENTA ,,,Default,default,7,1113.6875,556.7,145087.0,72479.0,72608.0,1391.75,835.05,2.0005164361415484,0.5004445608496971
GR397SG,OFFICINA MOBILE ,,,Default,default,8,1109.0,133.1,99126.0,59779.0,39347.0,332.75,199.65,8.332081141998497,0.39693924903657973
GT389GK,PRATO INGOMBRANTI,,,Default,default,7,1100.4921875,239.3,331672.0,130963.0,200709.0,598.25,358.95,4.598797273297117,0.6051430328758532
GT821ZX,UFFICIO MEZZI,,,Default,default,8,1063.55859375,58.4,55127.0,48225.0,6902.0,146.0,87.6,18.21161975599315,0.12520180673717055
FF105WF,VERDE,,,Default,default,7,1061.796875,81.8,78070.0,71292.0,6778.0,204.5,122.69999999999999,12.980401894865526,0.08681952094274369
GT282GK,RAFI TRASPORTO MERCI,,,Default,default,7,1058.5390625,529.4,77512.0,66094.0,11418.0,1323.5,794.1,1.9995071071023802,0.14730622355248219
HA352AA,UFFICIO MEZZI,,,Default,default,7,1056.18505859375,112.1,152667.0,60659.0,92008.0,280.25,168.14999999999998,9.421811405831846,0.6026711732070454
GL867HV,AMIANTO,,,Default,default,7,1055.21875,77.2,87034.0,76088.0,12049.0,193.0,115.80000000000001,13.668636658031087,0.13844014982650457
GZ745KL,BOLOGNA,,,Default,default,7,1045.2568359375,58.7,260495.0,95340.0,165155.0,146.75,88.05,17.806760407793867,0.6340044914489722
GP371NC,AMIANTO,,,Default,default,6,1043.703125,134.4,73985.0,60960.0,13025.0,336.0,201.6,7.765648251488095,0.1760491991619923
GK018HE,PULIZIE E MENSE NORD,,,Default,default,8,1037.1796875,35.0,198662.0,82354.0,116308.0,87.5,52.5,29.63370535714286,0.5854567053588507
GG423VC,BOLOGNA,,,Default,default,8,1033.671875,149.9,173044.0,83185.0,89859.0,374.75,224.85000000000002,6.89574299533022,0.519284112711218
GG431NW,BOLOGNA,,,Default,default,7,1025.8486328125,160.2,132454.0,84984.0,50189.0,400.5,240.3,6.4035495181804,0.3789164540142238
GS122ED,PULIZIE COOP ,,,Default,default,7,995.015625,64.10000000000001,244885.0,64311.0,180574.0,160.25,96.15,15.522864664586582,0.7373828531759805
GZ021DH,PRATO INGOMBRANTI,,,Default,default,7,992.275390625,114.8,203608.0,119574.0,84034.0,287.0,172.2,8.643513855618467,0.41272445090566184
GE327CK,GIOVANNI MASSINI,,,Default,default,7,987.3046875,46.099999999999994,104597.0,57514.0,47083.0,115.25,69.14999999999999,21.416587581344906,0.4501371932273392
GX648PR,MENSE E RISTORAZIONE,,,Default,default,8,981.45703125,68.8,94209.0,75584.0,18625.0,172.0,103.2,14.26536382630814,0.19769873366663482
GV415HD,MENSE E RISTORAZIONE,,,Default,default,5,974.63671875,39.6,128209.0,67937.0,60272.0,99.0,59.4,24.612038352272727,0.47010740275643675
GG434NW,BOLOGNA,,,Default,default,8,972.125,148.5,348029.0,101883.0,246146.0,371.25,222.75,6.546296296296297,0.7072571538578681
HA023DH,UFFICIO MEZZI,,,Default,default,7,968.0,63.1,201298.0,72035.0,129263.0,157.75,94.65,15.340729001584785,0.6421474629653549
GD864RZ,PULIZIE E MENSE NORD,,,Default,default,7,951.5390625,66.2,91455.0,54574.0,36881.0,165.5,99.3,14.373701850453172,0.4032693674484719
FX437JB,RAFI TRASPORTO MERCI,,,Default,default,7,950.125,196.5,75063.0,61562.0,13501.0,491.25,294.75,4.835241730279898,0.17986224904413625
GP694MJ,SETTORE SICUREZZA,,,Default,default,7,943.796875,45.6,47978.0,43773.0,4432.0,114.0,68.39999999999999,20.697299890350877,0.09237567218308392
GG553VC,BOLOGNA,,,Default,default,8,937.171875,179.5,237562.0,113311.0,124251.0,448.75,269.25,5.221013231197771,0.5230255680622322
GG421VC,BOLOGNA,,,Default,default,7,919.3125,130.1,162926.0,77475.0,85451.0,325.25,195.14999999999998,7.06619907763259,0.5244773700943987
FG951YJ,VENDING,,,Default,default,8,912.40625,77.3,182880.0,164473.0,63851.0,193.25,115.95,11.803444372574386,0.3491415135608049
GT138SB,LORRAI ,,,Default,default,7,907.06640625,29.9,127636.0,68410.0,59226.0,74.75,44.85,30.336669105351174,0.464022689523332
FJ389YN,PULIZIE COOP ,,,Default,default,7,893.8046875,43.0,175822.0,103914.0,74494.0,107.5,64.5,20.786155523255815,0.4236898681621185
FS067VH,FABIO FABRETTO,,,Default,default,8,889.140625,43.1,99014.0,86132.0,13238.0,107.75,64.65,20.629712877030162,0.13369826489183348
FK035NG,KOLA-FERRANTE,,,Default,default,7,883.53125,46.5,359118.0,171554.0,217017.0,116.25,69.75,19.000672043010752,0.6043055485940554
GG422VC,BOLOGNA,,,Default,default,8,877.0,133.7,256372.0,86078.0,170294.0,334.25,200.55,6.55946148092745,0.6642457054592545
GZ722KL,UFFICIO MEZZI,,,Default,default,7,873.5390625,140.2,232820.0,77699.0,155121.0,350.5,210.3,6.230663783880171,0.6662700798900438
GJ091CK,VERONICA MATERASSI ,,,Default,default,7,858.3046875,37.1,68478.0,69495.0,1879.0,92.75,55.650000000000006,23.134897237196764,0.02743946961067788
GA280PE,PULIZIE E MENSE NORD,,,Default,default,6,846.3203125,45.2,222585.0,64822.0,157763.0,113.0,67.8,18.72390071902655,0.7087764224902846
GR363NG,MILANO,,,Default,default,8,840.796875,142.4,328049.0,92065.0,235984.0,356.0,213.6,5.904472436797753,0.7193559498733421
GW093AH,NICOLA PRATESI,,,Default,default,6,835.546875,32.199999999999996,110718.0,68520.0,42198.0,80.5,48.3,25.94866071428572,0.3811304394949331
GR342CR,AMBIENTE,,,Default,default,7,833.328125,38.0,76388.0,47815.0,28573.0,95.0,57.0,21.9296875,0.37405089804681363
GA765ZH,MENSE E RISTORAZIONE,,,Default,default,8,831.796875,122.1,105456.0,52837.0,52619.0,305.25,183.15,6.812423218673219,0.4989663935669853
GY162BJ,MANTOVA,,,Default,default,7,820.9794921875,105.8,222853.0,106358.0,116495.0,264.5,158.70000000000002,7.7597305499763705,0.5227436920301723
GA766ZH,MENSE E RISTORAZIONE,,,Default,default,8,819.078125,156.4,104812.0,49750.0,55062.0,391.0,234.60000000000002,5.237072410485934,0.5253406098538336
GZ033DH,INGOMBRANTI MUGELLO,,,Default,default,7,808.4779052734375,150.1,124474.0,84775.0,39699.0,375.25,225.14999999999998,5.386261860582528,0.31893407458585726
EN872EK,PULIZIE COOP ,,,Default,default,8,804.46875,50.7,298062.0,45203.0,252859.0,126.75,76.05,15.86723372781065,0.8483436332038301
FK639WH,AMBIENTE,,,Default,default,7,804.234375,68.3,191556.0,67504.0,124052.0,170.75,102.45,11.775027452415813,0.6476017457036063
HA034DH,UFFICIO MEZZI,,,Default,default,7,800.6015625,47.7,214859.0,44030.0,170829.0,119.25,71.55,16.784099842767294,0.7950749095918719
FK955ZN,BOLOGNA,,,Default,default,8,793.09375,60.7,192659.0,110443.0,82216.0,151.75,91.05,13.06579489291598,0.42674362474631344
GD314NV,LUCCA,,,Default,default,7,781.6171875,244.4,232508.0,118861.0,113647.0,611.0,366.6,3.1981063318330607,0.4887874825812445
GP642DF,LODI - INGOMBRANTI,,,Default,default,8,780.376953125,98.5,296442.0,83100.0,213342.0,246.25,147.75,7.922608661167513,0.7196753496468112
GM554PG,AMBIENTE,,,Default,default,7,773.5234375,42.5,126649.0,42001.0,84648.0,106.25,63.75000000000001,18.200551470588234,0.6683669038050044
GL457YP,BOLOGNA,,,Default,default,8,769.7578125,92.5,206482.0,83899.0,122583.0,231.25,138.75,8.32170608108108,0.5936740248544667
FF655YL,KOLA-FERRANTE,,,Default,default,8,764.21875,45.6,79161.0,72319.0,6842.0,114.0,68.39999999999999,16.759183114035086,0.0864314498300931
GZ030DH,INGOMBRANTI MUGELLO,,,Default,default,7,762.022216796875,73.4,129136.0,73048.0,56088.0,183.5,110.1,10.381774070802111,0.43433279643166894
GB750PL,PULIZIE E MENSE NORD,,,Default,default,8,757.6640625,43.7,166686.0,155749.0,94287.0,109.25,65.55,17.337850400457665,0.5656563838594723
GP301NC,BOLOGNA,,,Default,default,7,751.2734375,92.7,167822.0,75094.0,92728.0,231.75,139.05,8.104352076591153,0.5525378079155295
HA000DK,UFFICIO MEZZI,,,Default,default,7,740.1149291992188,40.0,131659.0,44003.0,87656.0,100.0,60.0,18.50287322998047,0.6657805391199993
GH540PL,MENSE E RISTORAZIONE,,,Default,default,6,728.578125,42.099999999999994,64380.0,55022.0,9358.0,105.25,63.15,17.305893705463184,0.14535570052811433
FP851DE,VERDE,,,Default,default,7,727.953125,41.9,77868.0,48386.0,29482.0,104.75,62.85,17.37358293556086,0.3786150922073252
GB992ZG,LUCCA,,,Default,default,7,719.4296875,178.20000000000002,214522.0,107593.0,106929.0,445.5,267.3,4.0372036335578,0.49845237318317004
GY145XS,AMBIENTE,,,Default,default,7,715.658203125,54.7,146846.0,38715.0,111948.0,136.75,82.05,13.083330952925046,0.7623496724459637
FR851LR,SARA PERI,,,Default,default,8,712.09375,36.0,180926.0,95487.0,85561.0,90.0,54.0,19.780381944444443,0.47290604998728764
GN747BX,AREZZO,,,Default,default,7,707.5390625,113.7,183781.0,108203.0,75578.0,284.25,170.55,6.222858948988566,0.4112394643624749
GX650PR,MENSE E RISTORAZIONE,,,Default,default,7,706.224609375,61.800000000000004,66585.0,46728.0,19857.0,154.5,92.7,11.427582675970873,0.29822031989186754
GP377NC,BOLOGNA,,,Default,default,7,702.4375,101.8,196445.0,92521.0,103924.0,254.5,152.7,6.900171905697446,0.5290233907709537
GL381YP,BOLOGNA,,,Default,default,7,701.8984375,70.0,113324.0,50459.0,62865.0,175.0,105.0,10.027120535714285,0.5547368606826445
GE019SF,AMBIENTE,,,Default,default,8,698.9765625,24.5,158020.0,66291.0,91729.0,61.25,36.75,28.5296556122449,0.5804898114162764
GZ801FE,UFFICIO MEZZI,,,Default,default,7,697.22265625,69.8,535812.0,0.0,535812.0,174.5,104.69999999999999,9.988863270057307,1.0
FZ900JJ,UFFICIO MEZZI,,,Default,default,8,696.83984375,30.7,158768.0,43905.0,114959.0,76.75,46.05,22.69836624592834,0.7240690819308677
FG825GF,TRASLOCHI ,,,Default,default,7,688.390625,46.6,134917.0,74627.0,60290.0,116.5,69.9,14.772331008583691,0.4468673332493311
FF077HV,SUSANNA STAURINI ,,,Default,default,5,684.625,20.6,158710.0,52302.0,106408.0,51.5,30.9,33.234223300970875,0.6704555478545775
FR233JD,UFFICIO MEZZI,,,Default,default,7,678.96875,52.1,74454.0,58397.0,16057.0,130.25,78.15,13.032029750479847,0.2156633626131571
GX701YZ,FI SUD BAR VALLINA,,,Default,default,7,670.787109375,69.89999999999999,401267.0,101930.0,299337.0,174.75,104.85,9.5963821083691,0.7459796095866343
GZ800FE,UFFICIO MEZZI,,,Default,default,7,668.10205078125,66.2,552208.0,512.0,551696.0,165.5,99.30000000000001,10.092175993674472,0.9990728131428737
FT418RM,MILANO,,,Default,default,8,668.03125,101.3,230705.0,69047.0,161658.0,253.25,151.95,6.594582922013821,0.7007130317938493
GZ409ZY,UFFICIO MEZZI,,,Default,default,6,664.161865234375,33.2,102238.0,70949.0,35308.0,83.0,49.8,20.004875458866714,0.34535104364326374
GZ802FE,UFFICIO MEZZI,,,Default,default,8,663.939453125,35.0,349734.0,55143.0,294591.0,87.5,52.5,18.969698660714286,0.8423287412719381
FF676WR,PULIZIE COOP ,,,Default,default,7,657.734375,34.2,166289.0,51578.0,114711.0,85.5,51.3,19.231999269005847,0.6898291528603816
GG432NW,BOLOGNA,,,Default,default,8,657.234375,101.2,124935.0,163254.0,41411.0,253.0,151.8,6.494410820158103,0.3314603593868812
DR380SD,BOLOGNA,,,Default,default,7,656.5234375,31.6,73210.0,60203.0,14895.0,79.0,47.400000000000006,20.776058148734176,0.2034558120475345
GY953HW,PULIZIE COOP ,,,Default,default,8,646.73828125,30.5,140176.0,48269.0,91907.0,76.25,45.75,21.20453381147541,0.6556543202830727
GT122SB,UFFICIO MEZZI,,,Default,default,7,644.15625,23.0,107972.0,51399.0,56573.0,57.5,34.5,28.00679347826087,0.5239599155336568
GN788LP,PULIZIE COOP ,,,Default,default,7,641.7578125,36.7,153005.0,50411.0,102594.0,91.75,55.05,17.486588896457764,0.670527106957289
GK156HA,PRATO INGOMBRANTI,,,Default,default,7,639.44140625,63.3,130515.0,78553.0,51962.0,158.25,94.94999999999999,10.101759972353872,0.3981304830862353
FK536LV,BOLOGNA,,,Default,default,7,639.40625,59.7,130956.0,60877.0,70079.0,149.25,89.55,10.710322445561138,0.5351339381166194
GW801NE,VERDE,,,Default,default,7,637.25,80.6,50600.0,39147.0,11453.0,201.5,120.89999999999999,7.906327543424318,0.22634387351778656
GZ817LG,CAPANNORI - ASCIT,,,Default,default,7,634.08740234375,130.3,145988.0,90781.0,55207.0,325.75,195.45000000000002,4.866365328808518,0.3781612187303066
GX749YZ,CARPI,,,Default,default,7,631.7802734375,105.4,128703.0,67316.0,61387.0,263.5,158.10000000000002,5.994120241342505,0.47696634888075645
GS922EG,RAFI TRASPORTO MERCI,,,Default,default,7,623.9375,43.9,48199.0,45539.0,2660.0,109.75,65.85000000000001,14.212699316628703,0.05518786696819436
GG430NW,BOLOGNA,,,Default,default,6,622.28125,92.7,202471.0,57506.0,144965.0,231.75,139.04999999999998,6.712850593311758,0.715979078485314
GZ703AK,CAPANNORI - ASCIT,,,Default,default,7,616.9248046875,137.1,148840.0,100161.0,48679.0,342.75,205.65,4.499816226750547,0.32705589895189463
GY076DZ,PRATO EX TRACCIA,,,Default,default,7,610.56103515625,608.0,199719.0,48181.0,151538.0,1520.0,912.0,1.0042122288754112,0.758756052253416
FH309FX,UTILYA,,,Default,default,8,610.5,18.9,182598.0,115703.0,66895.0,47.25,28.349999999999998,32.301587301587304,0.36635121961905387
GT158GK,UTILYA NOVENTA ,,,Default,default,7,609.53515625,422.0,169343.0,54988.0,114355.0,1055.0,633.0,1.44439610485782,0.6752862533438052
GM466YJ,LORRAI ,,,Default,default,7,597.796875,49.2,38332.0,35587.0,2877.0,123.0,73.8,12.150342987804878,0.07505478451424398
GJ397NS,PRATO OVEST,,,Default,default,7,595.8046875,747.8,180789.0,47300.0,133489.0,1869.5,1121.7,0.7967433638673442,0.7383690379392551
FR155KV,RAFI TRASPORTO MERCI,,,Default,default,7,595.75,53.9,39190.0,36968.0,2377.0,134.75,80.85,11.052875695732839,0.060653227864251084
EV604PR,SUSANNA STAURINI ,,,Default,default,7,588.5,20.1,70330.0,49142.0,21340.0,50.25,30.15,29.278606965174127,0.30342670268733113
GX717YZ,MILANO,,,Default,default,7,586.1337890625,59.7,188410.0,91009.0,97401.0,149.25,89.55,9.817986416457286,0.5169630062098615
GZ054RE,PULIZIE COOP ,,,Default,default,8,577.8818359375,33.4,225030.0,53244.0,171786.0,83.5,50.099999999999994,17.30185137537425,0.7633915477936275
FN181SL,SETTORE SICUREZZA,,,Default,default,7,574.28125,36.9,29017.0,28736.0,331.0,92.25,55.35,15.563177506775068,0.011407106179136369
GV036ZC,MENSE E RISTORAZIONE,,,Default,default,7,573.8505859375,28.9,62554.0,54916.0,16640.0,72.25,43.349999999999994,19.856421658737027,0.2660101672155258
GP730GS,MILANO,,,Default,default,6,572.7578125,19.5,118602.0,63618.0,54984.0,48.75,29.25,29.372195512820515,0.463600951080083
GE027ZM,UFFICIO MEZZI,,,Default,default,8,572.40625,34.1,42208.0,40380.0,2151.0,85.25,51.15,16.786107038123166,0.050961902956785446
FP317CP,PRATO INGOMBRANTI,,,Default,default,7,571.078125,58.3,108081.0,66574.0,41507.0,145.75,87.44999999999999,9.795508147512866,0.38403604703879496
GW891XK,MENSE E RISTORAZIONE,,,Default,default,8,569.47265625,34.7,101774.0,66967.0,35942.0,86.75,52.05,16.411315742074926,0.35315502977184743
FK245XY,PULIZIE E MENSE NORD,,,Default,default,8,567.6875,23.2,257279.0,53107.0,204172.0,58.0,34.8,24.46928879310345,0.7935820646069054
GF177KE,MANTOVA,,,Default,default,7,566.625,491.3,172979.0,93677.0,107571.0,1228.25,736.95,1.1533177284754732,0.6218731753565462
GA542ZH,LUCCA,,,Default,default,7,565.75,129.5,222916.0,98144.0,124772.0,323.75,194.25,4.3687258687258685,0.5597265337615963
GP870VG,PULIZIE E MENSE NORD,,,Default,default,6,557.69140625,22.7,54705.0,62631.0,8693.0,56.75,34.05,24.567903359030836,0.15890686408920573
DV460VB,BOLOGNA,,,Default,default,7,552.1875,23.2,120154.0,81122.0,39032.0,58.0,34.8,23.801185344827587,0.3248497761206452
GZ814LG,CAPANNORI - ASCIT,,,Default,default,7,539.22265625,112.5,159733.0,81622.0,78111.0,281.25,168.75,4.793090277777778,0.48900978507885035
GX191WT,AMIANTO,,,Default,default,8,538.02734375,31.9,55571.0,49848.0,5723.0,79.75,47.849999999999994,16.866060932601883,0.10298537006712134
FS474DL,UFFICIO MEZZI,,,Default,default,7,536.484375,24.4,242772.0,65608.0,177164.0,61.0,36.6,21.987064549180328,0.7297546669302885
GR488ME,FIRENZE FIERA,,,Default,default,7,529.673828125,31.7,54690.0,52064.0,4557.0,79.25,47.55,16.70895356861199,0.08332419089413055
FH813DM,NICOLA PRATESI,,,Default,default,7,528.546875,24.6,110005.0,62664.0,47341.0,61.5,36.900000000000006,21.48564532520325,0.4303531657651925
GT976XL,MILANO,,,Default,default,8,525.0625,22.5,239563.0,96787.0,142776.0,56.25,33.75,23.336111111111112,0.595985189699578
GB747ZG,LUCCA,,,Default,default,7,524.875,201.7,159080.0,69415.0,89665.0,504.25,302.55,2.6022558254833914,0.5636472215237617
GE931MF,LUCCA,,,Default,default,7,522.890625,830.9,93436.0,36339.0,57097.0,2077.25,1246.35,0.6293063244674449,0.611081381908472
GY603DZ,SONIA MONTAGNA ,,,Default,default,6,514.0517578125,37.5,105768.0,57754.0,48014.0,93.75,56.25,13.708046875,0.4539558278496332
GE267ZP,KOLA-FERRANTE,,,Default,default,7,512.9140625,21.799999999999997,42848.0,27302.0,15546.0,54.5,32.7,23.528168004587158,0.3628174010455564
FB861WJ,TRASLOCHI ,,,Default,default,7,511.796875,27.400000000000002,58973.0,49294.0,9679.0,68.5,41.1,18.678718065693428,0.16412595594594137
GZ257CJ,PULIZIE COOP ,,,Default,default,7,511.046875,30.799999999999997,123433.0,43520.0,79913.0,77.0,46.2,16.59243100649351,0.6474200578451468
GY112TG,PULIZIE E MENSE NORD,,,Default,default,4,508.1826171875,35.0,131851.0,37468.0,94383.0,87.5,52.5,14.519503348214286,0.7158307483447225
ED978DA,VERONICA MATERASSI ,,,Default,default,7,507.3125,23.0,48056.0,44198.0,3858.0,57.5,34.5,22.057065217391305,0.08028133843848843
GY058DZ,PRATO EX TRACCIA,,,Default,default,8,500.80908203125,149.4,238145.0,34707.0,203438.0,373.5,224.10000000000002,3.352135756567938,0.8542610594385773
GZ818CD,EDILI ,,,Default,default,8,499.93017578125,28.2,68199.0,125401.0,2163.0,70.5,42.3,17.72802041777482,0.03171600756609334
FY529FW,UTILYA NOVENTA ,,,Default,default,7,497.171875,63.4,130054.0,69145.0,60909.0,158.5,95.1,7.841827681388013,0.4683362295661802
GF920VF,SONIA MONTAGNA ,,,Default,default,7,495.4765625,28.8,98669.0,43586.0,55083.0,72.0,43.2,17.20404730902778,0.5582604465434939
FK224HX,RAFI TRASPORTO MERCI,,,Default,default,7,495.140625,40.9,39388.0,36328.0,3409.0,102.25,61.35000000000001,12.106127750611247,0.08654920280288413
FY758KK,PULIZIE E MENSE NORD,,,Default,default,6,493.1484375,25.1,82925.0,62596.0,20330.0,62.75,37.65,19.64734810756972,0.24516129032258063
GZ628MS,UFFICIO MEZZI,,,Default,default,6,491.677978515625,49.3,50885.0,30011.0,20874.0,123.25,73.94999999999999,9.97318414838996,0.41021912154858997
FM158KZ,PULIZIE COOP ,,,Default,default,7,490.734375,20.9,50466.0,44846.0,5620.0,52.25,31.349999999999998,23.480113636363637,0.11136210517972496
FF214CC,BOLOGNA,,,Default,default,8,487.0,31.9,194539.0,80151.0,114388.0,79.75,47.85,15.266457680250785,0.5879952091868469
EM489DY,UFFICIO MEZZI,,,Default,default,7,485.046875,18.7,187552.0,52850.0,135411.0,46.75,28.05,25.938335561497325,0.7219917676164477
GZ819LG,CAPANNORI - ASCIT,,,Default,default,7,480.82080078125,49.7,129092.0,86500.0,42592.0,124.25,74.55,9.674462792379275,0.32993523998388746
GW791SF,LORRAI ,,,Default,default,6,480.6767578125,25.8,107087.0,35966.0,71121.0,64.5,38.699999999999996,18.630882085755815,0.6641422394875195
GC798KB,MILANO,,,Default,default,8,478.69921875,91.0,205368.0,78262.0,127106.0,227.5,136.5,5.260430975274725,0.6189182345837716
GZ616ZV,EDILI ,,,Default,default,7,477.9908447265625,23.3,33636.0,30845.0,3863.0,58.25,34.95,20.514628529037015,0.11484718753716257
GN224DC,MENSE E RISTORAZIONE,,,Default,default,7,476.45703125,37.0,64659.0,38666.0,25993.0,92.5,55.5,12.87721706081081,0.4020012681915897
FR986LN,PULIZIE PIEMONTE,,,Default,default,7,475.40625,15.100000000000001,153287.0,47985.0,105302.0,37.75,22.65,31.48385761589404,0.6869597552303849
GB849ZG,LUCCA,,,Default,default,8,472.6796875,193.6,213517.0,70437.0,143080.0,484.0,290.4,2.4415273114669422,0.6701105766753935
FF464HY,SORARIS,,,Default,default,7,468.8828125,27.1,203673.0,67917.0,135756.0,67.75,40.65,17.301948800738007,0.6665390110618491
HA227BK,MANTOVA,,,Default,default,7,466.75927734375,47.8,312471.0,53312.0,259159.0,119.5,71.7,9.764838438153767,0.8293857669991775
GC443FS,PULIZIE COOP ,,,Default,default,7,463.2421875,21.799999999999997,55731.0,25920.0,29811.0,54.5,32.699999999999996,21.24964162844037,0.5349087581417883
GN719HG,PULIZIE COOP ,,,Default,default,8,462.0390625,22.7,343273.0,41596.0,301677.0,56.75,34.05,20.35414372246696,0.8788253081366726
FZ528CA,PONTASSIEVE,,,Default,default,7,458.3984375,101.2,105338.0,32552.0,72786.0,253.0,151.8,4.529628829051383,0.6909757162657351
GZ040DH,INGOMBR VALDISIEVE,,,Default,default,7,457.9696044921875,95.1,131108.0,54312.0,76796.0,237.75,142.65,4.815663559328996,0.5857461024498887
GZ486KN,PULIZIE COOP ,,,Default,default,7,457.783203125,19.7,126533.0,87549.0,38984.0,49.25,29.55,23.237726046954315,0.30809354081543944
FK456LC,UFFICIO MEZZI,,,Default,default,7,455.59375,35.3,64413.0,49184.0,15229.0,88.25,52.949999999999996,12.906338526912183,0.23642742924564916
DW104HG,VERDE,,,Default,default,7,451.46875,16.2,134326.0,48793.0,85533.0,40.5,24.299999999999997,27.868441358024693,0.6367568452868395
GG415AH,MENSE E RISTORAZIONE,,,Default,default,7,449.9296875,21.299999999999997,33240.0,32064.0,1176.0,53.25,31.95,21.123459507042256,0.03537906137184116
GY992BM,PRATO EX TRACCIA,,,Default,default,7,448.336669921875,46.4,206105.0,66684.0,139421.0,116.0,69.6,9.662428231074893,0.6764561752504791
GX404BB,PRATO CARTA CARTONE,,,Default,default,6,446.603515625,47.7,153207.0,49730.0,103477.0,119.25,71.55,9.362757140985325,0.6754064762053953
GN610CB,PRATO INGOMBRANTI,,,Default,default,6,444.5859375,82.4,95867.0,56378.0,39489.0,206.0,123.60000000000001,5.395460406553398,0.4119144231070128
GL374YP,UTILYA NOVENTA ,,,Default,default,8,443.671875,258.0,690675.0,52840.0,637835.0,645.0,387.0,1.7196584302325582,0.9234951315741847
FH533NA,SORARIS,,,Default,default,7,440.1875,15.8,85772.0,48358.0,37414.0,39.5,23.700000000000003,27.85996835443038,0.43620295667583825
GM027XK,CREMONA,,,Default,default,7,439.89453125,55.3,144597.0,51136.0,93461.0,138.25,82.95,7.954693150994576,0.646355041944162
FJ081MK,PULIZIE COOP ,,,Default,default,7,437.15625,28.2,44972.0,39370.0,5627.0,70.5,42.3,15.501994680851064,0.12512229831895402
GN605SD,AMBIENTE SARTI,,,Default,default,7,436.78125,16.6,82410.0,30236.0,52174.0,41.5,24.900000000000002,26.3121234939759,0.6331027787889819
GT384GK,PRATO INGOMBRANTI,,,Default,default,7,434.9609375,80.2,113970.0,51431.0,62539.0,200.5,120.3,5.423453086034913,0.5487321224883741
FZ826ZA,MANTOVA,,,Default,default,7,431.6328125,367.5,179108.0,92881.0,113030.0,918.75,551.25,1.1745110544217687,0.6310717555888068
GC900HZ,TRASLOCHI ,,,Default,default,7,431.34375,77.69999999999999,35282.0,30263.0,5040.0,194.25,116.55,5.551399613899615,0.14284904483872796
HA229BK,MANTOVA,,,Default,default,7,426.646240234375,44.4,139503.0,68487.0,71016.0,111.0,66.6,9.609149554828265,0.5090643211973936
GJ141NS,MANTOVA,,,Default,default,7,422.7890625,469.5,201623.0,47309.0,154314.0,1173.75,704.25,0.9005091853035144,0.7653591108157304
GW890XK,VENDING,,,Default,default,7,420.70703125,21.7,81057.0,42500.0,38557.0,54.25,32.55,19.387420794930875,0.4756776095833796
GT159GK,VERDE,,,Default,default,7,418.3203125,62.0,107117.0,35487.0,71630.0,155.0,93.0,6.747101814516129,0.6687080482089678
GK742FT,UFFICIO MEZZI,,,Default,default,7,417.0859375,27.599999999999998,62671.0,35124.0,27547.0,69.0,41.4,15.111809329710146,0.4395493928611319
GL402YP,UTILYA NOVENTA ,,,Default,default,7,413.51171875,118.0,165027.0,58894.0,106133.0,295.0,177.0,3.504336599576271,0.6431250643834039
GJ665GG,UFFICIO MEZZI,,,Default,default,7,413.3359375,34.0999755859,49061.0,16033.0,33028.0,85.24993896475,51.14996337885,12.12129716805165,0.6732027475999266
GT387GK,PRATO INGOMBRANTI,,,Default,default,8,412.609375,76.8,155905.0,42344.0,113561.0,192.0,115.2,5.372517903645834,0.7283987043391809
FT724YM,PULIZIE E MENSE NORD,,,Default,default,7,411.2890625,18.0,71048.0,35684.0,35457.0,45.0,27.0,22.84939236111111,0.4990569755658147
GL858DH,UFFICIO MEZZI,,,Default,default,7,409.34765625,19.7,231243.0,59983.0,171260.0,49.25,29.55,20.779068845177665,0.7406062021336862
GL426YP,CONCORDIA-CARPI,,,Default,default,6,407.99609375,41.7,133861.0,52087.0,81774.0,104.25,62.55,9.78407898681055,0.6108874130628039
FV994ED,PULIZIE E MENSE NORD,,,Default,default,7,406.1796875,27.5,151555.0,59304.0,92251.0,68.75,41.25,14.770170454545454,0.6086965128171291
GH994WT,LUCCA,,,Default,default,7,400.6015625,95.0,155548.0,60202.0,95346.0,237.5,142.5,4.216858552631579,0.6129683441767172
GA508ZH,LUCCA,,,Default,default,7,398.0390625,85.1,167360.0,64586.0,102774.0,212.75,127.65,4.677309782608696,0.6140893881453154
FL004BR,PRATO EX TRACCIA,,,Default,default,7,396.953125,119.6,150092.0,38440.0,111652.0,299.0,179.4,3.31900606187291,0.7438904138794873
GP080SV,EDILI ,,,Default,default,8,395.244140625,37.4,44524.0,35360.0,11460.0,93.5,56.1,10.56802515040107,0.25738927320097027
GD051LZ,PRATO INGOMBRANTI,,,Default,default,7,387.9765625,36.6,89546.0,51079.0,38467.0,91.5,54.9,10.600452527322403,0.4295780939405445
GP388NC,PRATO EX TRACCIA,,,Default,default,4,385.43359375,253.7,50008.0,23135.0,26873.0,634.25,380.54999999999995,1.5192494826566811,0.5373740201567749
FA307VJ,PULIZIE E MENSE NORD,,,Default,default,7,381.71875,35.8,137832.0,43771.0,94061.0,89.5,53.7,10.662534916201118,0.6824322363456962
EV968CS,PRATO CARTA CARTONE,,,Default,default,6,378.125,54.8,135396.0,46575.0,88821.0,137.0,82.2,6.900091240875913,0.6560090401488966
GL566ZW,SONIA MONTAGNA ,,,Default,default,7,377.18359375,18.5,38899.0,27929.0,11296.0,46.25,27.75,20.388302364864863,0.29039306923057145
FN044TM,NICOLA PRATESI,,,Default,default,8,375.03125,19.3,41375.0,39262.0,2135.0,48.25,28.95,19.43167098445596,0.0516012084592145
GW011DK,EDILI ,,,Default,default,6,373.0595703125,51.1,35774.0,29259.0,6515.0,127.75,76.65,7.300578675391389,0.18211550287918601
FP936BP,TRASLOCHI ,,,Default,default,8,371.203125,51.0,35838.0,30461.0,5377.0,127.5,76.5,7.278492647058823,0.1500362743456666
GS093VB,FIRENZE FIERA,,,Default,default,7,369.4765625,16.1,206228.0,38043.0,168185.0,40.25,24.15,22.948854813664596,0.8155294140465892
GX641PR,MENSE E RISTORAZIONE,,,Default,default,7,360.001953125,27.299999999999997,46789.0,34313.0,12476.0,68.25,40.949999999999996,13.186884729853482,0.2666438692855158
GG653ZN,COSTABISSARA,,,Default,default,7,356.2421875,13.0,76824.0,57417.0,20159.0,32.5,19.5,27.403245192307693,0.26240497761116316
GZ049DH,ABBANDONI SPECIALI ,,,Default,default,7,355.753173828125,48.2,72509.0,56410.0,30490.0,120.5,72.3,7.380771241247406,0.4204995241969962
FF943WC,PULIZIE E MENSE NORD,,,Default,default,7,353.1875,17.0,135879.0,31647.0,104232.0,42.5,25.5,20.77573529411765,0.7670942529750734
GX391SV,MENSE E RISTORAZIONE,,,Default,default,7,351.37890625,29.200000000000003,22571.0,21885.0,1674.0,73.0,43.800000000000004,12.033524186643834,0.07416596517655398
GP289MP,VERONICA MATERASSI ,,,Default,default,7,350.890625,20.7,41395.0,36941.0,4454.0,51.75,31.049999999999997,16.951237922705314,0.10759753593429158
FF045HZ,VERDE,,,Default,default,7,349.84375,15.4,28298.0,26543.0,1832.0,38.5,23.1,22.717126623376622,0.06473955756590571
FJ406VB,AMBIENTE,,,Default,default,8,349.28125,12.5,260830.0,76570.0,184260.0,31.25,18.75,27.9425,0.7064371429666833
ZB963AJ,UTILYA NOVENTA ,,,Default,default,7,346.921875,63.6,95954.0,44222.0,51732.0,159.0,95.4,5.454746462264151,0.539133334722888
GF131CF,MENSE E RISTORAZIONE,,,Default,default,7,344.640625,20.1,113081.0,35004.0,78077.0,50.25,30.15,17.14629975124378,0.690451976901513
GL422YP,CREMONA,,,Default,default,7,343.73046875,24.2,129432.0,66742.0,62690.0,60.5,36.3,14.203738378099175,0.48434699301563755
FF958AB,KOLA-FERRANTE,,,Default,default,7,340.5703125,14.2,65951.0,42769.0,33087.0,35.5,21.3,23.983824823943664,0.5016906491182848
GT408AW,PRATO EX TRACCIA,,,Default,default,7,337.36328125,112.1,202647.0,50822.0,151825.0,280.25,168.15,3.0094851137377345,0.7492092160258973
GC664XB,AREZZO,,,Default,default,7,336.734375,17.7,111282.0,36390.0,76029.0,44.25,26.55,19.02454096045198,0.683210222677522
GY632PD,VERDE,,,Default,default,4,336.0078125,42.3,26512.0,22115.0,4397.0,105.75,63.45,7.943447104018913,0.16584942667471333
GB464NW,TRASLOCHI ,,,Default,default,7,331.5546875,29.3,35161.0,29430.0,5731.0,73.25,43.95,11.315859641638225,0.16299308893376183
GJ127PE,PRATO EX TRACCIA,,,Default,default,7,328.625,92.4,161167.0,46957.0,114210.0,231.0,138.6,3.5565476190476186,0.7086438290717082
EW903CE,TRASLOCHI ,,,Default,default,7,328.2890625,27.8,124597.0,36284.0,88313.0,69.5,41.7,11.808959082733812,0.7087891361750283
GK821FP,MENSE E RISTORAZIONE,,,Default,default,7,326.294921875,9.4,40856.0,30914.0,9942.0,23.5,14.100000000000001,34.71222573138298,0.24334247111807322
GB746ZG,LUCCA,,,Default,default,7,326.0234375,50.7,125399.0,48289.0,77110.0,126.75,76.05000000000001,6.4304425542406305,0.6149171843475626
FF385HZ,MENSE E RISTORAZIONE,,,Default,default,7,325.1953125,12.5,37887.0,22493.0,15394.0,31.25,18.75,26.015625,0.40631351123076515
FN666MG,DISINFESTAZIONI,,,Default,default,7,322.5390625,27.3,39500.0,29053.0,10447.0,68.25,40.95,11.814617673992673,0.2644810126582278
FF091CC,EDILI ,,,Default,default,7,319.109375,13.2,27495.0,25250.0,2245.0,33.0,19.799999999999997,24.174952651515152,0.08165120931078378
GA141NZ,SARA PERI,,,Default,default,7,318.453125,14.8,33120.0,29778.0,3448.0,37.0,22.2,21.51710304054054,0.10410628019323671
GX739YZ,AMIANTO,,,Default,default,8,316.728515625,10.5,44972.0,63594.0,7427.0,26.25,15.750000000000002,30.164620535714285,0.16514720270390465
FE896VZ,BOLOGNA,,,Default,default,7,316.4375,26.8,66848.0,26643.0,40205.0,67.0,40.2,11.807369402985074,0.6014390856869315
FT288MK,MENSE E RISTORAZIONE,,,Default,default,7,311.9375,21.9,26966.0,21597.0,5369.0,54.75,32.85,14.243721461187215,0.1991025736112141
GV390CN,ELETTRICISTI,,,Default,default,7,307.44921875,18.7,32266.0,27518.0,4748.0,46.75,28.05,16.44113469251337,0.14715180065703837
FX533JL,FABIO FABRETTO,,,Default,default,7,306.734375,14.7,23923.0,76010.0,1559.0,36.75,22.05,20.866284013605444,0.06516741211386531
GD755LY,PRATO EX TRACCIA,,,Default,default,7,305.0,158.6,133993.0,25482.0,108511.0,396.5,237.89999999999998,1.9230769230769231,0.8098258864269029
GJ686PY,UFFICIO MEZZI,,,Default,default,7,303.859375,15.4,140806.0,58911.0,81895.0,38.5,23.099999999999998,19.731128246753247,0.581615840234081
EV586JN,COSTABISSARA,,,Default,default,7,296.138671875,12.2,97061.0,20015.0,77046.0,30.5,18.3,24.273661629098363,0.7937894725997053
GE783SC,AMBIENTE,,,Default,default,4,295.3203125,13.4,84917.0,22591.0,62326.0,33.5,20.1,22.038829291044774,0.7339637528410095
FY054KL,MENSE E RISTORAZIONE,,,Default,default,7,293.609375,19.6,28680.0,48564.0,3314.0,49.0,29.400000000000002,14.980070153061224,0.11555090655509065
FJ904MJ,UFFICIO MEZZI,,,Default,default,7,293.3359375,15.1,179703.0,163720.0,94389.0,37.75,22.65,19.426221026490065,0.5252499958264469
FZ540CA,MANTOVA,,,Default,default,7,292.875,66.80000000000001,146763.0,59625.0,87138.0,167.0,100.2,4.384356287425149,0.5937327528055436
GW092AH,MILANO,,,Default,default,6,288.67578125,9.0,97461.0,40783.0,56678.0,22.5,13.5,32.07508680555556,0.5815454386882958
FR461FW,LORRAI ,,,Default,default,7,287.296875,24.5,42078.0,26077.0,16001.0,61.25,36.75,11.72640306122449,0.3802699748086886
GM515CJ,PRATO EX TRACCIA,,,Default,default,6,285.515625,63.2,205442.0,43366.0,162076.0,158.0,94.8,4.517652294303797,0.7889136593296405
EB335ST,BOLOGNA,,,Default,default,8,284.71875,25.8,95339.0,34455.0,60884.0,64.5,38.7,11.035610465116278,0.6386053975812627
GC069RT,CREMONA,,,Default,default,7,284.1875,54.9,134521.0,36077.0,98444.0,137.25,82.35,5.176457194899818,0.7318113900431903
GF128RT,UFFICIO MEZZI,,,Default,default,7,281.9140625,6.7,214248.0,34988.0,179260.0,16.75,10.05,42.07672574626866,0.836693924797431
FG916TR,MENSE E RISTORAZIONE,,,Default,default,7,281.203125,24.9,51947.0,45520.0,6427.0,62.25,37.35,11.293298192771084,0.12372225537567136
GZ005DH,VALLINA,,,Default,default,7,280.974609375,24.5,61139.0,40319.0,20820.0,61.25,36.75,11.468351403061224,0.34053550107132924
GL351YP,VERDE,,,Default,default,7,279.21484375,41.400000000000006,54720.0,23951.0,30769.0,103.5,62.10000000000001,6.7443198973429945,0.5622989766081872
GL860HV,UFFICIO MEZZI,,,Default,default,8,277.80859375,9.9,177988.0,171157.0,93207.0,24.75,14.85,28.061474116161616,0.5236701350652853
EK693HY,PULIZIE COOP ,,,Default,default,7,272.5,9.9,72953.0,66816.0,20694.0,24.75,14.850000000000001,27.525252525252526,0.28366208380738284
FD808JC,MENSE E RISTORAZIONE,,,Default,default,7,271.7734375,27.2,28382.0,23856.0,4526.0,68.0,40.8,9.991670496323529,0.15946726798675218
GH473XV,EDILI ,,,Default,default,7,267.96875,13.6,24450.0,22279.0,2171.0,34.0,20.4,19.70358455882353,0.08879345603271983
GM473VT,ELETTRICISTI,,,Default,default,7,264.59375,18.5,25339.0,21374.0,3965.0,46.25,27.75,14.302364864864865,0.1564781562019022
EP085GN,UTILYA,,,Default,default,7,261.90625,36.2,113271.0,33787.0,79484.0,90.5,54.300000000000004,7.234979281767955,0.7017153552100714
GT320GK,LUCCA,,,Default,default,7,261.21875,342.0,83428.0,29168.0,54260.0,855.0,513.0,0.763797514619883,0.6503811669942945
FZ517CA,UTILYA,,,Default,default,7,260.90625,46.0,118621.0,79307.0,69895.0,115.0,69.0,5.671875,0.5892295630621897
ZB329AA,ALIA AREE VERDI,,,Default,default,7,260.120849609375,38.900000000000006,80681.0,34185.0,46496.0,97.25,58.35,6.68691130101221,0.5762942948153841
FS425VL,PULIZIE E MENSE NORD,,,Default,default,6,259.3125,7.5,99411.0,33834.0,65577.0,18.75,11.25,34.575,0.6596553701300661
HA745DH,UFFICIO MEZZI,,,Default,default,7,258.1829833984375,11.7,65485.0,24115.0,41370.0,29.25,17.55,22.06692165798611,0.6317477284874399
FH251GA,AMBIENTE,,,Default,default,6,256.40625,10.1,161693.0,124381.0,77129.0,25.25,15.15,25.386757425742577,0.4770088995813053
GZ020DH,PONTASSIEVE ING,,,Default,default,6,253.74267578125,26.799999999999997,83409.0,32373.0,51036.0,67.0,40.2,9.46801029034515,0.6118764162140776
GM512CJ,CREMONA,,,Default,default,8,253.359375,39.6,154465.0,32825.0,121640.0,99.0,59.4,6.397964015151515,0.787492312174279
FW635DV,LORRAI ,,,Default,default,7,248.25,41.4,17052.0,15935.0,1161.0,103.5,62.1,5.996376811594203,0.06808585503166784
FK594ZK,SARA PERI,,,Default,default,7,248.140625,16.8,163473.0,29901.0,133572.0,42.0,25.2,14.770275297619047,0.8170890605788111
FP165DF,TRASLOCHI ,,,Default,default,7,248.09375,24.5,28561.0,22337.0,6224.0,61.25,36.75,10.126275510204081,0.2179195406323308
GJ383RP,KOLA-FERRANTE,,,Default,default,7,247.7578125,13.0,0.0,0.0,0.0,32.5,19.5,19.05829326923077,
GM719PV,EDILI ,,,Default,default,7,247.6015625,14.5,42451.0,35386.0,7360.0,36.25,21.75,17.075969827586206,0.17337636333655274
GW289MA,PULIZIE COOP ,,,Default,default,7,245.6280517578125,24.6,27583.0,22606.0,4977.0,61.5,36.9,9.984880152756604,0.18043722582750243
GK827FP,MENSE E RISTORAZIONE,,,Default,default,4,245.25,7.6,73998.0,34024.0,39974.0,19.0,11.399999999999999,32.26973684210527,0.5402037892916025
GT383GK,PRATO INGOMBRANTI,,,Default,default,8,244.8046875,43.8,37813.0,24697.0,13116.0,109.5,65.7,5.5891481164383565,0.34686483484515906
FR597GC,GIOVANNI MASSINI,,,Default,default,7,242.4765625,7.9,154829.0,42553.0,112276.0,19.75,11.850000000000001,30.69323575949367,0.7251613069902925
GJ337NS,VALLINA,,,Default,default,6,240.8046875,46.3,99139.0,38450.0,60689.0,115.75,69.44999999999999,5.200965172786177,0.6121607036584997
GF218KE,MANTOVA,,,Default,default,7,239.2109375,96.8,150006.0,30502.0,119504.0,242.0,145.2,2.4711873708677685,0.7966614668746583
GL425YP,CREMONA,,,Default,default,7,239.078125,17.3,117444.0,43801.0,73643.0,43.25,25.950000000000003,13.819544797687861,0.6270477844760056
GJ224NS,PRATO EX TRACCIA,,,Default,default,7,237.953125,70.80000000000001,82763.0,19587.0,63176.0,177.0,106.20000000000002,3.3609198446327677,0.7633362734555297
EW805MN,UTILYA NOVENTA ,,,Default,default,7,237.109375,14.100000000000001,26194.0,21032.0,5170.0,35.25,21.150000000000002,16.816267730496453,0.1973734443002214
GA004KT,MENSE E RISTORAZIONE,,,Default,default,7,235.546875,12.100000000000001,42456.0,24945.0,17511.0,30.25,18.150000000000002,19.466683884297517,0.4124505370265687
GA150GP,EDILI ,,,Default,default,7,232.9609375,13.4,127104.0,22267.0,104837.0,33.5,20.1,17.385144589552237,0.8248127517623364
FK980ZN,UFFICIO MEZZI,,,Default,default,8,232.4375,15.1,34769.0,22203.0,12566.0,37.75,22.65,15.3932119205298,0.36141390318962296
GH784RB,MENSE E RISTORAZIONE,,,Default,default,6,230.95703125,7.3,44962.0,25158.0,19804.0,18.25,10.95,31.63794948630137,0.4404608335928117
GZ006DH,CARPI,,,Default,default,5,230.8017578125,16.5,82960.0,26986.0,55974.0,41.25,24.75,13.987985321969697,0.6747107039537127
GZ760KL,SONIA MONTAGNA ,,,Default,default,8,227.8779296875,13.5,152603.0,21605.0,130998.0,33.75,20.25,16.87984664351852,0.8584234910191805
FK964ZN,VERDE,,,Default,default,6,224.5625,35.1,20530.0,17685.0,2845.0,87.75,52.650000000000006,6.397792022792022,0.1385776911836337
FZ353TV,UFFICIO MEZZI,,,Default,default,6,222.0546875,8.6,142612.0,21254.0,121358.0,21.5,12.899999999999999,25.8203125,0.8509662580988977
FK344RH,GIOVANNI MASSINI,,,Default,default,7,221.375,8.6,151976.0,83464.0,68512.0,21.5,12.9,25.741279069767444,0.45080802231931355
FF704SR,AMBIENTE,,,Default,default,7,219.359375,6.1,183930.0,56438.0,127492.0,15.25,9.149999999999999,35.96055327868853,0.6931550046213233
FL359VT,PRATO EX TRACCIA,,,Default,default,7,219.21875,41.0,48421.0,13630.0,34791.0,102.5,61.5,5.346798780487805,0.7185105635984387
FT362RM,PRATO EX TRACCIA,,,Default,default,7,219.171875,59.0,142469.0,28154.0,114315.0,147.5,88.5,3.7147775423728815,0.8023850802630748
HA762BN,UFFICIO MEZZI,,,Default,default,7,218.80859375,80.7,134282.0,25964.0,108318.0,201.75,121.05,2.711382822180917,0.8066457157325628
FK774NJ,AMBIENTE,,,Default,default,7,218.5234375,13.199975585899999,47271.0,10407.0,37527.0,32.99993896475,19.79996337885,16.55483649026012,0.7938693913816082
GN188TV,TRASLOCHI ,,,Default,default,8,216.75,39.6,17617.0,16512.0,1105.0,99.0,59.400000000000006,5.473484848484849,0.06272350570471703
HA208CG,CARTA E CARTONE FI,,,Default,default,6,215.637939453125,22.1,94246.0,39196.0,55050.0,55.25,33.150000000000006,9.757372825933258,0.5841096704369416
ES731RN,MENSE E RISTORAZIONE,,,Default,default,7,214.2734375,15.5,25304.0,21815.0,3489.0,38.75,23.25,13.824092741935484,0.13788333860259247
GY585FR,IDRAULICI,,,Default,default,6,210.81787109375,10.2,38061.0,29761.0,8300.0,25.5,15.299999999999999,20.668418734681374,0.21807099130343396
DV271EK,TRASLOCHI ,,,Default,default,7,208.1875,23.7,48649.0,25432.0,23217.0,59.25,35.55,8.784282700421942,0.47723488663692987
GR145DX,FIRENZE FIERA,,,Default,default,7,204.66015625,10.0,155969.0,67148.0,88821.0,25.0,15.0,20.466015625,0.5694785502247242
GJ456AS,IDRAULICI,,,Default,default,7,203.60546875,9.4,31845.0,23888.0,7957.0,23.5,14.100000000000001,21.66015625,0.2498665410582509
GN226DC,MENSE E RISTORAZIONE,,,Default,default,7,198.29296875,20.0,52062.0,35706.0,16356.0,50.0,30.0,9.9146484375,0.314163881525873
EY260LV,VERDE,,,Default,default,7,198.078125,23.4,28436.0,17942.0,10494.0,58.5,35.1,8.464877136752138,0.369039246026164
FK207NF,VERONICA MATERASSI ,,,Default,default,7,194.9375,7.3,36779.0,22906.0,13873.0,18.25,10.95,26.703767123287673,0.3771989450501645
GH963AD,UFFICIO MEZZI,,,Default,default,8,194.353515625,36.900000000000006,82314.0,13239.0,69075.0,92.25,55.35000000000001,5.267032943766937,0.8391646621473868
DD052PB,PULIZIE COOP ,,,Default,default,5,191.109375,8.1,84867.0,23686.0,61181.0,20.25,12.149999999999999,23.59375,0.7209044740594106
GL424YP,CREMONA,,,Default,default,7,190.43359375,13.8,97438.0,34981.0,62457.0,34.5,20.700000000000003,13.799535778985506,0.640992220694185
FM709BV,PULIZIE COOP ,,,Default,default,7,190.203125,10.0,33079.0,19552.0,13527.0,25.0,15.0,19.0203125,0.4089301369448895
FF861WD,NICOLA PRATESI,,,Default,default,7,188.875,15.099999999999998,35037.0,16593.0,18444.0,37.75,22.65,12.508278145695366,0.5264149327853412
FK410AR,SONIA MONTAGNA ,,,Default,default,7,188.4296875,12.2,24426.0,17529.0,6969.0,30.5,18.3,15.445056352459018,0.2853107344632768
GM840CC,PRATO INGOMBRANTI,,,Default,default,7,185.01953125,15.5,57043.0,21210.0,35833.0,38.75,23.25,11.936743951612904,0.6281752362253037
FF810LM,UFFICIO MEZZI,,,Default,default,7,183.9765625,8.4,21142.0,19041.0,2107.0,21.0,12.6,21.901971726190474,0.09965944565320216
ET143MX,VERDE,,,Default,default,7,182.5,13.5,21233.0,15554.0,5679.0,33.75,20.25,13.518518518518519,0.26746102764564594
FH818DM,KOLA-FERRANTE,,,Default,default,7,180.7109375,10.4,26180.0,25603.0,985.0,26.0,15.6,17.376051682692307,0.03762414056531704
GB991ZG,LUCCA,,,Default,default,7,180.5390625,70.0,63734.0,31477.0,32257.0,175.0,105.0,2.5791294642857143,0.5061191828537358
GT832ZX,UFFICIO MEZZI,,,Default,default,6,177.390625,6.1,161603.0,19673.0,141930.0,15.25,9.149999999999999,29.080430327868854,0.8782633985755215
GP248VK,ELETTRICISTI,,,Default,default,7,174.701171875,9.899999999999999,22616.0,15266.0,7350.0,24.75,14.849999999999998,17.64658301767677,0.324991156703219
ZA323YX,MILANO,,,Default,default,6,174.03125,15.5,65723.0,36697.0,29026.0,38.75,23.249999999999996,11.227822580645162,0.44164143450542426
GG591AM,UFFICIO MEZZI,,,Default,default,8,173.3515625,10.0,23691.0,21413.0,2278.0,25.0,15.0,17.33515625,0.09615465788696129
GF500KP,UFFICIO MEZZI,,,Default,default,7,171.73046875,7.2,82861.0,15438.0,67423.0,18.0,10.8,23.851453993055554,0.8136879834904237
GL423YP,CREMONA,,,Default,default,7,170.05859375,12.100000000000001,112175.0,38396.0,73779.0,30.25,18.150000000000002,14.054429235537189,0.6577133942500557
FB956WL,IMPRUNETA ,,,Default,default,8,164.53125,68.7,33188.0,13900.0,19288.0,171.75,103.05,2.3949235807860263,0.581173918283717
FK793NF,IDRAULICI,,,Default,default,7,161.609375,12.1,20175.0,18436.0,1739.0,30.25,18.15,13.356146694214877,0.08619578686493184
EX202TZ,FABIO FABRETTO,,,Default,default,8,160.671875,8.6,20606.0,14733.0,5873.0,21.5,12.899999999999999,18.6827761627907,0.2850140735708046
GB637NY,MENSE E RISTORAZIONE,,,Default,default,5,156.86328125,4.6,29492.0,21907.0,7585.0,11.5,6.9,34.10071331521739,0.2571883900718839
GT610SJ,MENSE E RISTORAZIONE,,,Default,default,4,155.2041015625,5.1,27391.0,25703.0,1843.0,12.75,7.65,30.432176776960787,0.06728487459384469
DT131HJ,MENSE E RISTORAZIONE,,,Default,default,7,151.09375,12.9,17534.0,14346.0,3188.0,32.25,19.35,11.712693798449612,0.18181818181818182
FM017GH,OFFICINA MOBILE ,,,Default,default,8,149.96875,8.8,70302.0,17257.0,53045.0,22.0,13.2,17.041903409090907,0.7545304543256237
GC097JT,MENSE E RISTORAZIONE,,,Default,default,7,148.9296875,9.7,121533.0,15897.0,105636.0,24.25,14.549999999999999,15.353576030927837,0.8691960208338476
GF537BY,UFFICIO MEZZI,,,Default,default,7,148.51953125,9.3,201847.0,92801.0,115052.0,23.25,13.95,15.969842069892472,0.569996086144456
FJ089MK,UFFICIO MEZZI,,,Default,default,7,148.484375,10.200000000000001,19806.0,17741.0,2183.0,25.5,15.3,14.557291666666664,0.11021912551751994
ZB395AF,PRATO EX TRACCIA,,,Default,default,7,144.90625,59.400000000000006,71018.0,19151.0,51867.0,148.5,89.10000000000001,2.439499158249158,0.7303359711622406
GT683YA,MENSE E RISTORAZIONE,,,Default,default,7,140.9130859375,12.6,20671.0,15715.0,5038.0,31.5,18.9,11.183578249007937,0.24372309031977166
FF541ED,TRASLOCHI ,,,Default,default,7,140.82421875,7.3999999999999995,12801.0,14019.0,173.0,18.5,11.099999999999998,19.03029983108108,0.013514569174283259
GF653AW,CARPI,,,Default,default,7,140.30859375,12.8,56148.0,22187.0,35373.0,32.0,19.200000000000003,10.96160888671875,0.6299957255823894
GD177LZ,SCARRABILI,,,Default,default,8,139.671875,80.0,39110.0,12380.0,26730.0,200.0,120.0,1.7458984375,0.6834569163896702
GT977XL,MENSE E RISTORAZIONE,,,Default,default,7,137.421875,7.4,15017.0,12139.0,2878.0,18.5,11.1,18.57052364864865,0.19164946394086702
FE242FV,PRATO EX TRACCIA,,,Default,default,7,136.921875,29.3,75452.0,19300.0,56152.0,73.25,43.95,4.673101535836177,0.7442082383502094
FF348AB,VERONICA MATERASSI ,,,Default,default,7,133.296875,6.2,54815.0,13867.0,40948.0,15.5,9.3,21.499495967741936,0.7470218006020249
GS043KF,VERDE,,,Default,default,6,132.7685546875,16.200000000000003,20053.0,12961.0,7092.0,40.5,24.300000000000004,8.19558979552469,0.35366279359696806
GD703RZ,FIRENZE FIERA,,,Default,default,7,131.8125,34.2,232379.0,48909.0,183470.0,85.5,51.3,3.8541666666666665,0.789529174322981
GT406AW,PRATO EX TRACCIA,,,Default,default,7,115.857421875,37.7,105565.0,14245.0,91320.0,94.25,56.55,3.073141163793103,0.8650594420499218
GA546ZH,LUCCA,,,Default,default,7,112.46875,10.600000000000001,79172.0,12456.0,66807.0,26.5,15.900000000000002,10.610259433962263,0.8438210478451978
FC969CN,PULIZIE E MENSE NORD,,,Default,default,7,110.546875,3.2,36151.0,12673.0,23478.0,8.0,4.800000000000001,34.5458984375,0.6494426156952782
HA228BK,MANTOVA,,,Default,default,7,110.239013671875,11.8,43709.0,61707.0,15459.0,29.5,17.7,9.342289294226694,0.35368002013315336
FM644ZD,UFFICIO MEZZI,,,Default,default,5,109.9921875,4.0,114081.0,18394.0,95687.0,10.0,6.000000000000001,27.498046875,0.8387636854515651
EC941FF,EDILI ,,,Default,default,5,106.83984375,23.7,19045.0,14855.0,4190.0,59.25,35.55,4.508010284810127,0.22000525072197427
FS981SS,AMBIENTE,,,Default,default,7,104.328125,6.8,139328.0,21063.0,118265.0,17.0,10.2,15.342371323529413,0.8488243569131833
GR382NG,EDILI ,,,Default,default,4,101.384765625,16.200000000000003,96234.0,13872.0,82362.0,40.5,24.300000000000004,6.25831886574074,0.8558513623043831
FH075YZ,TRASLOCHI ,,,Default,default,7,100.5546875,8.0,25794.0,13218.0,12576.0,20.0,12.0,12.5693359375,0.48755524540590833
EF281ER,UFFICIO MEZZI,,,Default,default,7,97.328125,6.8,9047.0,6940.0,2107.0,17.0,10.2,14.312959558823529,0.23289488228141925
FM106VT,VERDE,,,Default,default,8,95.671875,15.0,0.0,8801.0,0.0,37.5,22.5,6.378125,
GR329NG,CARTA E CARTONE FI,,,Default,default,7,95.0703125,23.4,16059.0,4738.0,11321.0,58.5,35.099999999999994,4.062833867521368,0.7049629491251012
GV324CN,RISTRUTTURAZIONI ,,,Default,default,6,92.3515625,2.7,11794.0,9531.0,2640.0,6.75,4.050000000000001,34.204282407407405,0.22384263184670172
FB769PL,MANTOVA,,,Default,default,7,91.078125,12.8,20381.0,15497.0,4884.0,32.0,19.200000000000003,7.115478515625,0.23963495412393895
FD810JC,MENSE E RISTORAZIONE,,,Default,default,7,91.078125,5.2,20132.0,10388.0,9744.0,13.0,7.800000000000001,17.515024038461537,0.48400556328233657
FJ751ZP,VERDE,,,Default,default,6,87.671875,12.6,12393.0,9604.0,2789.0,31.5,18.9,6.958085317460317,0.2250463971596869
FB597SW,DISINFESTAZIONI,,,Default,default,7,80.6875,5.2,11174.0,8725.0,2449.0,13.0,7.800000000000001,15.516826923076923,0.21916950062645427
GG246VC,PRATO INGOMBRANTI,,,Default,default,7,80.64453125,10.5,15179.0,10860.0,4671.0,26.25,15.75,7.6804315476190474,0.3077277818038079
FK598LF,FIRENZE FIERA,,,Default,default,7,79.125,17.900000000000002,60132.0,9224.0,50908.0,44.75,26.849999999999998,4.420391061452514,0.8466041375640259
FN558EH,LONIGO,,,Default,default,7,75.75,10.9,16921.0,54160.0,4844.0,27.25,16.35,6.9495412844036695,0.28627149695644466
FF577HT,KOLA-FERRANTE,,,Default,default,7,74.5390625,4.6,6871.0,4558.0,2314.0,11.5,6.8999999999999995,16.204144021739133,0.33677776160675305
GN746BX,UTILYA,,,Default,default,7,72.79296875,10.600000000000001,47881.0,8213.0,39668.0,26.5,15.900000000000002,6.867261202830187,0.8284705833211503
FF496DX,EDILI ,,,Default,default,7,71.4609375,2.5,23923.0,7165.0,16758.0,6.25,3.7499999999999996,28.584375,0.7004974292521841
GF375CA,EDILI ,,,Default,default,6,71.171875,3.4,7236.0,6098.0,1138.0,8.5,5.1,20.932904411764707,0.15726920950801548
FG158WM,EDILI ,,,Default,default,7,70.8671875,6.7,10076.0,7512.0,2564.0,16.75,10.05,10.577192164179104,0.2544660579595077
GZ048DH,INGOMBR VALDISIEVE,,,Default,default,7,64.165771484375,6.4,17047.0,6124.0,10923.0,16.0,9.600000000000001,10.025901794433594,0.640757904616648
ED260WR,TRASLOCHI ,,,Default,default,7,61.1875,3.8,7038.0,6383.0,655.0,9.5,5.699999999999999,16.101973684210527,0.0930662119920432
DT467MK,MENSE E RISTORAZIONE,,,Default,default,7,61.1875,0.1,28084.0,14734.0,13350.0,0.25,0.15000000000000002,611.875,0.47535963537957554
FF952LE,PULIZIE E MENSE NORD,,,Default,default,7,60.8359375,5.7,15262.0,12057.0,3205.0,14.25,8.55,10.67297149122807,0.2099986895557594
GW288MA,PULIZIE COOP ,,,Default,default,7,58.58899688720703,5.9,13642.0,4887.0,8755.0,14.75,8.850000000000001,9.930338455458818,0.6417680691980648
EB453PL,TRASLOCHI ,,,Default,default,7,57.921875,1.3,14712.0,4711.0,10001.0,3.25,1.9500000000000002,44.55528846153846,0.6797852093529092
FX463JX,VERDE,,,Default,default,6,52.25,0.0,10893.0,5835.0,5058.0,0.0,0.0,,0.46433489396860367
FR723GC,MENSE E RISTORAZIONE,,,Default,default,8,52.1484375,2.1,117477.0,20262.0,97215.0,5.25,3.15,24.832589285714285,0.827523685487372
FF178LE,PULIZIE E MENSE NORD,,,Default,default,7,52.1015625,6.2,24283.0,9310.0,14973.0,15.5,9.3,8.403477822580644,0.6166042087056789
DS569DN,PULIZIE COOP ,,,Default,default,7,46.3125,2.000036621,10020.0,8291.0,2119.0,5.0000915525,3.0000549315,23.15582600524793,0.21147704590818364
GE929MF,MANTOVA,,,Default,default,7,45.13671875,22.4,4865.0,3156.0,1709.0,56.0,33.599999999999994,2.0150320870535716,0.3512846865364851
FT870JM,IDRAULICI,,,Default,default,7,44.359375,3.3,5261.0,4916.0,345.0,8.25,4.949999999999999,13.44223484848485,0.06557688652347463
EV184PR,UFFICIO MEZZI,,,Default,default,7,42.4921875,0.5,28748.0,5893.0,22855.0,1.25,0.75,84.984375,0.7950118269096981
GC067RT,CREMONA,,,Default,default,7,40.0703125,4.9,41852.0,4311.0,37541.0,12.25,7.3500000000000005,8.177614795918366,0.8969941699321419
GK810FP,MENSE E RISTORAZIONE,,,Default,default,4,38.619140625,1.6,6386.0,5438.0,948.0,4.0,2.4000000000000004,24.136962890625,0.14844973379267146
GR372NG,MILANO,,,Default,default,3,38.3203125,8.1,49199.0,4118.0,45081.0,20.25,12.149999999999999,4.730902777777778,0.9162991117705644
GX220PP,ELETTRICISTI,,,Default,default,7,36.70947265625,1.8,4523.0,11909.0,17.0,4.5,2.6999999999999997,20.394151475694443,0.003758567322573513
GM070GJ,MANTOVA,,,Default,default,7,35.953125,3.9,11378.0,3997.0,7381.0,9.75,5.85,9.21875,0.6487080330462296
GR639DJ,CONCORDIA-CARPI,,,Default,default,6,35.939453125,0.0,0.0,9464.0,0.0,0.0,0.0,,
GK621PJ,MANTOVA,,,Default,default,5,35.21875,0.0,82862.0,5191.0,77671.0,0.0,0.0,,0.9373536723709299
FG270CA,PULIZIE E MENSE NORD,,,Default,default,2,34.71875,1.2,29320.0,4984.0,24336.0,3.0,1.7999999999999998,28.932291666666668,0.8300136425648021
GF613RZ,UFFICIO MEZZI,,,Default,default,7,31.38671875,2.3,31787.0,25823.0,5964.0,5.75,3.4499999999999997,13.64639945652174,0.18762387139396608
GM071GJ,MANTOVA,,,Default,default,7,31.1640625,3.1,3671.0,2567.0,1104.0,7.75,4.65,10.052923387096774,0.30073549441569053
EP607WS,FIRENZE FIERA,,,Default,default,7,30.54998779296875,0.0,0.0,11490.0,0.0,0.0,0.0,,
DC886CP,RAFI TRASPORTO MERCI,,,Default,default,6,29.7880859375,0.0,0.0,2648.0,0.0,0.0,0.0,,
GX022FD,UFFICIO MEZZI,,,Default,default,7,25.88525390625,0.0,35360.0,13258.0,22102.0,0.0,0.0,,0.6250565610859729
GP242FR,IDRAULICI,,,Default,default,7,25.3359375,1.8,2120.0,1452.0,668.0,4.5,2.7,14.075520833333332,0.3150943396226415
FR430AF,FIRENZE FIERA,,,Default,default,7,25.03125,1.8,7379.0,2297.0,5082.0,4.5,2.7,13.90625,0.6887112074806885
ZB117AS,UTILYA NOVENTA ,,,Default,default,6,23.4609375,0.0,0.0,3775.0,0.0,0.0,0.0,,
FK370YC,MENSE E RISTORAZIONE,,,Default,default,7,22.6328125,1.5,6223.0,6298.0,436.0,3.75,2.25,15.088541666666666,0.07006267073758637
GL277YP,MILANO,,,Default,default,3,21.056640625,0.0,0.0,6356.0,0.0,0.0,0.0,,
GP951NL,MILANO,,,Default,default,3,19.837890625,0.0,0.0,3455.0,0.0,0.0,0.0,,
GG234VC,MILANO,,,Default,default,2,19.8125,0.0,0.0,5048.0,0.0,0.0,0.0,,
GR643DJ,CARPI,,,Default,default,2,19.78515625,0.0,0.0,2126.0,0.0,0.0,0.0,,
DN879YJ,UFFICIO MEZZI,,,Default,default,7,19.625,1.8,7744.0,2813.0,4931.0,4.5,2.7,10.902777777777777,0.6367510330578512
EL041TM,KOLA-FERRANTE,,,Default,default,7,19.488983154296875,0.0,0.0,4712.0,0.0,0.0,0.0,,
GZ818LG,CAPANNORI - ASCIT,,,Default,default,7,17.63232421875,1.8,16183.0,1997.0,14186.0,4.5,2.7,9.795735677083334,0.8765989000803313
CB711DS,TRASLOCHI ,,,Default,default,4,17.625,0.0,0.0,1657.0,0.0,0.0,0.0,,
GX798YS,CARPI,,,Default,default,2,17.548004150390625,0.0,0.0,3454.0,0.0,0.0,0.0,,
GJ789PB,LONIGO,,,Default,default,7,17.3984375,0.0,11059.0,3875.0,7184.0,0.0,0.0,,0.6496066552129487
GD226NV,MANTOVA,,,Default,default,7,17.21875,0.0,20325.0,0.0,20325.0,0.0,0.0,,1.0
FM298BD,TRASLOCHI ,,,Default,default,4,16.5625,0.0,9855.0,3693.0,6162.0,0.0,0.0,,0.6252663622526636
FP339GZ,MENSE E RISTORAZIONE,,,Default,default,2,15.8359375,0.0,2124.0,45867.0,0.0,0.0,0.0,,0.0
GG488VC,PONTASSIEVE,,,Default,default,5,13.7265625,0.0,0.0,882.0,0.0,0.0,0.0,,
GR383NG,EDILI ,,,Default,default,7,12.7421875,0.0,0.0,1809.0,0.0,0.0,0.0,,
FV189JH,AGNO CHIAMPO,,,Default,default,4,12.375,0.0,0.0,45375.0,0.0,0.0,0.0,,
FT471HP,MILANO,,,Default,default,3,11.4375,0.0,0.0,3753.0,0.0,0.0,0.0,,
FV191JH,MILANO,,,Default,default,5,11.296875,0.0,0.0,0.0,0.0,0.0,0.0,,
BY830LE,AMBIENTE SARTI,,,Default,default,2,11.09375,0.0,0.0,1752.0,0.0,0.0,0.0,,
DP293FJ,LONIGO,,,Default,default,1,9.734375,0.0,0.0,919.0,0.0,0.0,0.0,,
FD600FW,KOLA-FERRANTE,,,Default,default,7,9.0234375,0.0,6812.0,3883.0,2929.0,0.0,0.0,,0.42997651203758075
BN963FD,PULIZIE COOP ,,,Default,default,1,8.84375,0.0,0.0,863.0,0.0,0.0,0.0,,
GB745ZG,LUCCA,,,Default,default,3,8.5625,0.0,0.0,796.0,0.0,0.0,0.0,,
ZB887AY,CARTA E CARTONE FI,,,Default,default,7,8.358016967773438,0.8,26683.0,598.0,26085.0,2.0,1.2000000000000002,10.447521209716797,0.9775887269047708
FZ968SD,MENSE E RISTORAZIONE,,,Default,default,2,7.92578125,0.1,2975.0,1545.0,1430.0,0.25,0.15000000000000002,79.2578125,0.48067226890756304
FD904WB,PRATO EX TRACCIA,,,Default,default,4,7.09375,0.0,20337.0,1170.0,19167.0,0.0,0.0,,0.9424693907655997
FE817YP,FIRENZE FIERA,,,Default,default,5,6.9375,0.0,1779.0,1434.0,345.0,0.0,0.0,,0.19392917369308602
GZ039DH,INGOMBR VALDISIEVE,,,Default,default,6,6.60296630859375,0.0,17390.0,685.0,16705.0,0.0,0.0,,0.9606095457159287
GG238NW,POLISTIROLO_,,,Default,default,6,6.34375,0.0,0.0,0.0,0.0,0.0,0.0,,
BB019Z,VERDE,,,Default,default,6,6.008056640625,0.0,0.0,1125.0,0.0,0.0,0.0,,
GK633PJ,MANTOVA,,,Default,default,7,5.87890625,0.0,409.0,405.0,4.0,0.0,0.0,,0.009779951100244499
GX799YS,CARPI,,,Default,default,7,5.85693359375,0.6,697.0,519.0,178.0,1.5,0.8999999999999999,9.761555989583334,0.25538020086083213
FB962CD,PULIZIE E MENSE NORD,,,Default,default,1,5.71875,0.1,25407.0,7201.0,18206.0,0.25,0.15000000000000002,57.1875,0.7165741724721534
ZB886AY,CARTA E CARTONE FI,,,Default,default,7,5.555999755859375,0.4,27830.0,43918.0,27199.0,1.0,0.6000000000000001,13.889999389648438,0.9773266259432267
ZB328AA,ALIA AREE VERDI,,,Default,default,7,4.86602783203125,0.0,7895.0,537.0,7358.0,0.0,0.0,,0.9319822672577581
FP568HE,KOLA-FERRANTE,,,Default,default,2,4.5390625,0.0,0.0,978.0,0.0,0.0,0.0,,
FC839MC,RAFI TRASPORTO MERCI,,,Default,default,7,4.375,0.0,60.0,0.0,60.0,0.0,0.0,,1.0
FM707KZ,MANTOVA,,,Default,default,4,4.033203125,0.0,0.0,44910.0,0.0,0.0,0.0,,
GP285NC,AREZZO,,,Default,default,6,3.796875,0.0,7308.0,2762.0,4546.0,0.0,0.0,,0.6220580186097427
FB878PL,CAPANNORI - ASCIT,,,Default,default,2,3.75,0.0,0.0,5462.0,0.0,0.0,0.0,,
GA501ZH,LONIGO,,,Default,default,6,3.69921875,0.0,23221.0,462.0,22759.0,0.0,0.0,,0.980104216011369
GP302NC,BOLOGNA,,,Default,default,7,3.078125,0.0,42526.0,1258.0,41268.0,0.0,0.0,,0.9704180971640879
FD996VH,FI SUD BAR VALLINA,,,Default,default,7,2.484375,0.0,0.0,414.0,0.0,0.0,0.0,,
FF912CX,FIRENZE FIERA,,,Default,default,7,2.2890625,0.0,0.0,827.0,0.0,0.0,0.0,,
GJ913VP,SONIA MONTAGNA ,,,Default,default,7,1.5390625,0.0,3.0,0.0,3.0,0.0,0.0,,1.0
FB981YC,UFFICIO MEZZI,,,Default,default,6,1.125,0.0,0.0,152.0,0.0,0.0,0.0,,
GM379PG,UFFICIO MEZZI,,,Default,default,7,0.9921875,0.0,652.0,0.0,652.0,0.0,0.0,,1.0
GF654AW,CONCORDIA-CARPI,,,Default,default,6,0.8828125,0.0,0.0,0.0,0.0,0.0,0.0,,
GZ606MS,SONIA MONTAGNA ,,,Default,default,7,0.4589996337890625,0.0,0.0,0.0,0.0,0.0,0.0,,
FM241AB,TRASLOCHI ,,,Default,default,7,0.453125,0.0,68.0,0.0,68.0,0.0,0.0,,1.0
HA027DH,AMBIENTE,,,Default,default,7,0.282989501953125,0.1,44.0,0.0,44.0,0.25,0.15000000000000002,2.82989501953125,1.0
GF375CL,SONIA MONTAGNA ,,,Default,default,2,0.2734375,0.0,56.0,0.0,56.0,0.0,0.0,,1.0
ZB118AS,UTILYA NOVENTA ,,,Default,default,1,0.2470703125,0.0,0.0,0.0,0.0,0.0,0.0,,
FE903AM,RAFI TRASPORTO MERCI,,,Default,default,2,0.1875,0.0,17.0,0.0,17.0,0.0,0.0,,1.0
GE928MF,VALLINA,,,Default,default,5,0.109375,0.0,25872.0,0.0,25872.0,0.0,0.0,,1.0
FD898WB,PRATO EX TRACCIA,,,Default,default,4,0.0625,0.0,32448.0,0.0,32448.0,0.0,0.0,,1.0
GV391CN,UFFICIO MEZZI,,,Default,default,2,0.05078125,0.0,0.0,0.0,0.0,0.0,0.0,,
GT507GP,UTILYA,,,Default,default,3,0.049072265625,0.0,0.0,0.0,0.0,0.0,0.0,,
GA437JR,FI SUD BAR VALLINA,,,Default,default,7,0.0390625,0.0,0.0,0.0,0.0,0.0,0.0,,
GS832XF,IDRAULICI,,,Default,default,7,0.0234375,0.0,1.0,0.0,1.0,0.0,0.0,,1.0
GL427YP,UTILYA,,,Default,default,7,0.0234375,0.0,0.0,0.0,0.0,0.0,0.0,,
GS638KL,MILANO,,,Default,default,4,0.0078125,0.0,0.0,0.0,0.0,0.0,0.0,,
GJ396NS,MANTOVA,,,Default,default,7,0.0078125,0.0,0.0,0.0,0.0,0.0,0.0,,
ZA153YX,MILANO,,,Default,default,7,0.0,0.0,0.0,0.0,0.0,0.0,0.0,,
GX472PL,MILANO,,,Default,default,8,0.0,0.0,0.0,0.0,0.0,0.0,0.0,,
GW601LL,EDILI ,,,Default,default,2,0.0,0.0,0.0,0.0,0.0,0.0,0.0,,
GW944YA,UFFICIO MEZZI,,,Default,default,7,0.0,0.0,0.0,0.0,0.0,0.0,0.0,,
GW961DC,LUCCA,,,Default,default,7,0.0,0.0,0.0,0.0,0.0,0.0,0.0,,
GW974DC,LUCCA,,,Default,default,1,0.0,0.0,0.0,0.0,0.0,0.0,0.0,,
GX245PP,EDILI ,,,Default,default,7,0.0,0.0,0.0,0.0,0.0,0.0,0.0,,
GR490ME,LORRAI ,,,Default,default,7,0.0,0.0,0.0,0.0,0.0,0.0,0.0,,
GX704YZ,AREZZO,,,Default,default,7,0.0,0.0,0.0,0.0,0.0,0.0,0.0,,
GZ420ZY,AMIANTO,,,Default,default,7,0.0,0.0,0.0,0.0,0.0,0.0,0.0,,
GR893DT,PRATO EX TRACCIA,,,Default,default,7,0.0,0.0,0.0,0.0,0.0,0.0,0.0,,
GX752YS,CONCORDIA-CARPI,,,Default,default,2,0.0,0.0,0.0,0.0,0.0,0.0,0.0,,
GR642DJ,CARPI,,,Default,default,4,0.0,0.0,0.0,0.0,0.0,0.0,0.0,,
GR641DJ,CARPI,,,Default,default,1,0.0,0.0,0.0,0.0,0.0,0.0,0.0,,
GX826YJ,MENSE E RISTORAZIONE,,,Default,default,2,0.0,0.0,0.0,0.0,0.0,0.0,0.0,,
GY055DZ,PRATO INGOMBRANTI,,,Default,default,7,0.0,0.0,0.0,0.0,0.0,0.0,0.0,,
GY089BJ,PRATO INGOMBRANTI,,,Default,default,7,0.0,0.0,0.0,0.0,0.0,0.0,0.0,,
GZ036DH,UTILYA NOVENTA ,,,Default,default,2,0.0,0.0,0.0,0.0,0.0,0.0,0.0,,
ZB983AJ,PRATO EX TRACCIA,,,Default,default,7,0.0,0.0,0.0,0.0,0.0,0.0,0.0,,
ZB331AA,VALLINA,,,Default,default,1,0.0,0.0,0.0,0.0,0.0,0.0,0.0,,
GW519SA,UFFICIO MEZZI,,,Default,default,7,0.0,0.0,0.0,0.0,0.0,0.0,0.0,,
GR894DT,PRATO EX TRACCIA,,,Default,default,7,0.0,0.0,0.0,0.0,0.0,0.0,0.0,,
GT144SB,KOLA-FERRANTE,,,Default,default,2,0.0,0.0,0.0,0.0,0.0,0.0,0.0,,
GS653KL,UTILYA NOVENTA ,,,Default,default,6,0.0,0.0,0.0,0.0,0.0,0.0,0.0,,
HA621PN,CARTONGESSO,,,Default,default,7,0.0,0.0,0.0,0.0,0.0,0.0,0.0,,
HA341PZ,UFFICIO MEZZI,,,Default,default,7,0.0,0.0,0.0,0.0,0.0,0.0,0.0,,
ZB015BB,AREZZO,,,Default,default,7,0.0,0.0,0.0,0.0,0.0,0.0,0.0,,
GS882MD,MENSE E RISTORAZIONE,,,Default,default,7,0.0,0.0,0.0,0.0,0.0,0.0,0.0,,
HA222CG,AREZZO,,,Default,default,7,0.0,0.0,0.0,0.0,0.0,0.0,0.0,,
HA221CG,UTILYA NOVENTA ,,,Default,default,7,0.0,0.0,0.0,0.0,0.0,0.0,0.0,,
GR894DTex,PRATO EX TRACCIA,,,Default,default,7,0.0,0.0,0.0,0.0,0.0,0.0,0.0,,
GT210GK,PONTASSIEVE,,,Default,default,7,0.0,0.0,0.0,0.0,0.0,0.0,0.0,,
ZB330AA,LUCCA,,,Default,default,2,0.0,0.0,0.0,0.0,0.0,0.0,0.0,,
HA220CG,UTILYA NOVENTA ,,,Default,default,7,0.0,0.0,0.0,0.0,0.0,0.0,0.0,,
HA219CG,CREMONA,,,Default,default,7,0.0,0.0,0.0,0.0,0.0,0.0,0.0,,
GT508GP,AREZZO,,,Default,default,1,0.0,0.0,0.0,0.0,0.0,0.0,0.0,,
GT978XL,PULIZIE COOP ,,,Default,default,7,0.0,0.0,0.0,0.0,0.0,0.0,0.0,,
ZB191AT,FI SUD BAR VALLINA,,,Default,default,7,0.0,0.0,0.0,0.0,0.0,0.0,0.0,,
GV127LY,MANTOVA,,,Default,default,1,0.0,0.0,0.0,0.0,0.0,0.0,0.0,,
ZB283AS,UTILYA,,,Default,default,7,0.0,0.0,0.0,0.0,0.0,0.0,0.0,,
GW436SF,TRASLOCHI ,,,Default,default,2,0.0,0.0,0.0,0.0,0.0,0.0,0.0,,
ALS574,LONIGO,,,Default,default,7,0.0,0.0,0.0,0.0,0.0,0.0,0.0,,
GE420VA,TRASLOCHI ,,,Default,default,2,0.0,0.0,0.0,0.0,0.0,0.0,0.0,,
GR415NG,PRATO EX TRACCIA,,,Default,default,7,0.0,0.0,0.0,0.0,0.0,0.0,0.0,,
FE656TX,BOLOGNA,,,Default,default,7,0.0,0.0,0.0,0.0,0.0,0.0,0.0,,
FH808ZM,VERDE,,,Default,default,2,0.0,0.0,0.0,0.0,0.0,0.0,0.0,,
FH159JW,NICOLA PRATESI,,,Default,default,7,0.0,0.0,0.0,0.0,0.0,0.0,0.0,,
FG353BY,CARTONGESSO,,,Default,default,7,0.0,0.0,0.0,0.0,0.0,0.0,0.0,,
FG333XZ,WAY,,,Default,default,7,0.0,0.0,0.0,0.0,0.0,0.0,0.0,,
FF270AB,BOLOGNA,,,Default,default,7,0.0,0.0,0.0,0.0,0.0,0.0,0.0,,
FF232CC,MENSE E RISTORAZIONE,,,Default,default,8,0.0,0.0,14.0,0.0,14.0,0.0,0.0,,1.0
FF103SV,POLISTIROLO_,,,Default,default,7,0.0,0.0,0.0,0.0,0.0,0.0,0.0,,
FE775YM,FIRENZE FIERA,,,Default,default,7,0.0,0.0,0.0,0.0,0.0,0.0,0.0,,
FE362MV,UFFICIO MEZZI,,,Default,default,7,0.0,0.0,0.0,0.0,0.0,0.0,0.0,,
GR375NG,PRATO INGOMBRANTI,,,Default,default,5,0.0,0.0,0.0,0.0,0.0,0.0,0.0,,
FE241FV,CREMONA,,,Default,default,1,0.0,0.0,0.0,0.0,0.0,0.0,0.0,,
FE239FV,CREMONA,,,Default,default,7,0.0,0.0,0.0,0.0,0.0,0.0,0.0,,
FE238PJ,AREZZO,,,Default,default,7,0.0,0.0,0.0,0.0,0.0,0.0,0.0,,
FD900WB,PRATO EX TRACCIA,,,Default,default,2,0.0,0.0,0.0,0.0,0.0,0.0,0.0,,
FD269YC,VERDE,,,Default,default,4,0.0,0.0,0.0,0.0,0.0,0.0,0.0,,
FA598TX,UTILYA NOVENTA ,,,Default,default,7,0.0,0.0,0.0,0.0,0.0,0.0,0.0,,
FA417MK,TRASLOCHI ,,,Default,default,7,0.0,0.0,0.0,0.0,0.0,0.0,0.0,,
FA083ND,Protezione Civile,,,Default,default,7,0.0,0.0,0.0,0.0,0.0,0.0,0.0,,
FJ771YT,UFFICIO MEZZI,,,Default,default,7,0.0,0.0,0.0,0.0,0.0,0.0,0.0,,
FJ915LL,VERDE,,,Default,default,6,0.0,0.0,0.0,0.0,0.0,0.0,0.0,,
FJ993LL,AMBIENTE,,,Default,default,1,0.0,0.0,0.0,0.0,0.0,0.0,0.0,,
FK198XH,WAY,,,Default,default,7,0.0,0.0,0.0,0.0,0.0,0.0,0.0,,
FN290TV,WAY,,,Default,default,7,0.0,0.0,0.0,0.0,0.0,0.0,0.0,,
FM932SB,PULIZIE COOP ,,,Default,default,7,0.0,0.0,0.0,0.0,0.0,0.0,0.0,,
FM125LA,MENSE E RISTORAZIONE,,,Default,default,2,0.0,0.0,0.0,0.0,0.0,0.0,0.0,,
FM071GN,PULIZIE COOP ,,,Default,default,7,0.0,0.0,0.0,0.0,0.0,0.0,0.0,,
FM000RL,PRATO EX TRACCIA,,,Default,default,2,0.0,0.0,0.0,0.0,0.0,0.0,0.0,,
FL962FC,UTILYA,,,Default,default,2,0.0,0.0,0.0,0.0,0.0,0.0,0.0,,
FL854KT,MENSE E RISTORAZIONE,,,Default,default,7,0.0,0.0,0.0,0.0,0.0,0.0,0.0,,
FL732AG,TRASLOCHI ,,,Default,default,7,0.0,0.0,5.0,0.0,5.0,0.0,0.0,,1.0
FL648CZ,BOLOGNA,,,Default,default,7,0.0,0.0,0.0,0.0,0.0,0.0,0.0,,
FL350MP,WAY,,,Default,default,7,0.0,0.0,0.0,0.0,0.0,0.0,0.0,,
FL149BR,FIRENZE FIERA,,,Default,default,7,0.0,0.0,12840.0,0.0,12840.0,0.0,0.0,,1.0
FK671XX,MENSE E RISTORAZIONE,,,Default,default,2,0.0,0.0,0.0,0.0,0.0,0.0,0.0,,
FK631WH,ALIA AREE VERDI,,,Default,default,7,0.0,0.0,0.0,0.0,0.0,0.0,0.0,,
FK563LV,PRATO INGOMBRANTI,,,Default,default,7,0.0,0.0,0.0,0.0,0.0,0.0,0.0,,
FK375GJ,MENSE E RISTORAZIONE,,,Default,default,7,0.0,0.0,0.0,0.0,0.0,0.0,0.0,,
FK372YC,MENSE E RISTORAZIONE,,,Default,default,7,0.0,0.0,0.0,0.0,0.0,0.0,0.0,,
FK335YC,MENSE E RISTORAZIONE,,,Default,default,7,0.0,0.0,0.0,0.0,0.0,0.0,0.0,,
EZ739WV,UTILYA,,,Default,default,7,0.0,0.0,0.0,0.0,0.0,0.0,0.0,,
EX-GR329NG,COSTABISSARA,,,Default,default,7,0.0,0.0,0.0,0.0,0.0,0.0,0.0,,
EW681YM,EDILI ,,,Default,default,7,0.0,0.0,0.0,0.0,0.0,0.0,0.0,,
DR729RV,UFFICIO MEZZI,,,Default,default,7,0.0,0.0,0.0,0.0,0.0,0.0,0.0,,
DP702HT,MANTOVA,,,Default,default,7,0.0,0.0,0.0,0.0,0.0,0.0,0.0,,
DH649XL,BOLOGNA,,,Default,default,1,0.0,0.0,0.0,0.0,0.0,0.0,0.0,,
DF574AY,BOLOGNA,,,Default,default,7,0.0,0.0,0.0,0.0,0.0,0.0,0.0,,
DF239GE,VERDE,,,Default,default,2,0.0,0.0,0.0,0.0,0.0,0.0,0.0,,
DC981CP,EDILI ,,,Default,default,7,0.0,0.0,0.0,0.0,0.0,0.0,0.0,,
DC363ZA,UFFICIO MEZZI,,,Default,default,5,0.0,0.0,0.0,0.0,0.0,0.0,0.0,,
CY310CB,PULIZIE COOP ,,,Default,default,5,0.0,0.0,0.0,0.0,0.0,0.0,0.0,,
CV478MS,AREZZO,,,Default,default,7,0.0,0.0,0.0,0.0,0.0,0.0,0.0,,
CL958ZB,WAY,,,Default,default,7,0.0,0.0,0.0,0.0,0.0,0.0,0.0,,
CF531MJ,UFFICIO MEZZI,,,Default,default,7,0.0,0.0,0.0,0.0,0.0,0.0,0.0,,
CD903JD,AMBIENTE,,,Default,default,7,0.0,0.0,0.0,0.0,0.0,0.0,0.0,,
CD59785,SUSANNA STAURINI ,,,Default,default,7,0.0,0.0,0.0,0.0,0.0,0.0,0.0,,
CD59784,SUSANNA STAURINI ,,,Default,default,2,0.0,0.0,0.0,0.0,0.0,0.0,0.0,,
CD59782,SUSANNA STAURINI ,,,Default,default,1,0.0,0.0,0.0,0.0,0.0,0.0,0.0,,
BD994GY,UFFICIO MEZZI,,,Default,default,7,0.0,0.0,0.0,0.0,0.0,0.0,0.0,,
BC444PB,TRASLOCHI ,,,Default,default,7,0.0,0.0,0.0,0.0,0.0,0.0,0.0,,
BC228RE,MENSE E RISTORAZIONE,,,Default,default,7,0.0,0.0,0.0,0.0,0.0,0.0,0.0,,
DP983SR,POLISTIROLO_,,,Default,default,4,0.0,0.0,0.0,0.0,0.0,0.0,0.0,,
DR832FB,PRATO EX TRACCIA,,,Default,default,7,0.0,0.0,0.0,0.0,0.0,0.0,0.0,,
EW557TF,EDILI ,,,Default,default,7,0.0,0.0,0.0,0.0,0.0,0.0,0.0,,
DR892VW,VERDE,,,Default,default,7,0.0,0.0,0.0,0.0,0.0,0.0,0.0,,
EV917JM,PULIZIE COOP ,,,Default,default,6,0.0,0.0,0.0,0.0,0.0,0.0,0.0,,
ET244DP,PULIZIE E MENSE NORD,,,Default,default,7,0.0,0.0,0.0,0.0,0.0,0.0,0.0,,
ER204RP,MENSE E RISTORAZIONE,,,Default,default,7,0.0,0.0,0.0,0.0,0.0,0.0,0.0,,
EP750ME,PULIZIE COOP ,,,Default,default,7,0.0,0.0,0.0,0.0,0.0,0.0,0.0,,
EP349RV,PRATO EX TRACCIA,,,Default,default,7,0.0,0.0,0.0,0.0,0.0,0.0,0.0,,
EL089BC,VENDING,,,Default,default,7,0.0,0.0,0.0,0.0,0.0,0.0,0.0,,
EK323HX,PULIZIE COOP ,,,Default,default,7,0.0,0.0,0.0,0.0,0.0,0.0,0.0,,
EF781ZP,BOLOGNA,,,Default,default,7,0.0,0.0,0.0,0.0,0.0,0.0,0.0,,
EF298PT,WAY,,,Default,default,7,0.0,0.0,0.0,0.0,0.0,0.0,0.0,,
EC933FF,AREZZO,,,Default,default,3,0.0,0.0,0.0,0.0,0.0,0.0,0.0,,
EB287BS,LONIGO,,,Default,default,1,0.0,0.0,0.0,0.0,0.0,0.0,0.0,,
DX857BJ,VERDE,,,Default,default,2,0.0,0.0,0.0,0.0,0.0,0.0,0.0,,
DV709FR,PULIZIE COOP ,,,Default,default,3,0.0,0.0,0.0,0.0,0.0,0.0,0.0,,
DV217NM,UFFICIO MEZZI,,,Default,default,7,0.0,0.0,0.0,0.0,0.0,0.0,0.0,,
DT366HC,WAY,,,Default,default,7,0.0,0.0,0.0,0.0,0.0,0.0,0.0,,
DT130CF,MENSE E RISTORAZIONE,,,Default,default,7,0.0,0.0,0.0,0.0,0.0,0.0,0.0,,
DS407NP,VERONICA MATERASSI ,,,Default,default,7,0.0,0.0,0.0,0.0,0.0,0.0,0.0,,
FN886TX,EDILI ,,,Default,default,7,0.0,0.0,0.0,0.0,0.0,0.0,0.0,,
FR131VZ,UFFICIO MEZZI,,,Default,default,5,0.0,0.0,0.0,0.0,0.0,0.0,0.0,,
FR540HSex,WAY,,,Default,default,7,0.0,0.0,0.0,0.0,0.0,0.0,0.0,,
GJ251NS,AGNO CHIAMPO,,,Default,default,1,0.0,0.0,0.0,0.0,0.0,0.0,0.0,,
GJ128PE,PRATO EX TRACCIA,,,Default,default,7,0.0,0.0,0.0,0.0,0.0,0.0,0.0,,
GH967SS,LORRAI ,,,Default,default,7,0.0,0.0,0.0,0.0,0.0,0.0,0.0,,
GH842PWex,SETTORE SICUREZZA,,,Default,default,7,0.0,0.0,0.0,0.0,0.0,0.0,0.0,,
GH401AW,MENSE E RISTORAZIONE,,,Default,default,2,0.0,0.0,0.0,0.0,0.0,0.0,0.0,,
GG905RP,WAY,,,Default,default,7,0.0,0.0,0.0,0.0,0.0,0.0,0.0,,
GG904RP,PULIZIE E MENSE NORD,,,Default,default,7,0.0,0.0,0.0,0.0,0.0,0.0,0.0,,
GG689FZ,FIRENZE FIERA,,,Default,default,7,0.0,0.0,0.0,0.0,0.0,0.0,0.0,,
GG602AG,EDILI ,,,Default,default,7,0.0,0.0,0.0,0.0,0.0,0.0,0.0,,
GG573FV,MANTOVA,,,Default,default,7,0.0,0.0,0.0,0.0,0.0,0.0,0.0,,
GG517FV,MANTOVA,,,Default,default,7,0.0,0.0,0.0,0.0,0.0,0.0,0.0,,
GG505NW,SORARIS,,,Default,default,2,0.0,0.0,0.0,0.0,0.0,0.0,0.0,,
GG471NW,LUCCA,,,Default,default,2,0.0,0.0,0.0,0.0,0.0,0.0,0.0,,
GG367RG,EDILI ,,,Default,default,7,0.0,0.0,0.0,0.0,0.0,0.0,0.0,,
GG236VC,MILANO,,,Default,default,1,0.0,0.0,0.0,0.0,0.0,0.0,0.0,,
GG235VC,MILANO,,,Default,default,1,0.0,0.0,0.0,0.0,0.0,0.0,0.0,,
GG165VC,SORARIS,,,Default,default,2,0.0,0.0,0.0,0.0,0.0,0.0,0.0,,
GF651AW,CARPI,,,Default,default,3,0.0,0.0,0.0,0.0,0.0,0.0,0.0,,
GJ188NS,SORARIS,,,Default,default,3,0.0,0.0,0.0,0.0,0.0,0.0,0.0,,
GJ393NS,AGNO CHIAMPO,,,Default,default,5,0.0,0.0,0.0,0.0,0.0,0.0,0.0,,
GF235KE,SORARIS,,,Default,default,7,0.0,0.0,0.0,0.0,0.0,0.0,0.0,,
GJ980PB,SORARIS,,,Default,default,4,0.0,0.0,0.0,0.0,0.0,0.0,0.0,,
GR374NG,MILANO,,,Default,default,7,0.0,0.0,0.0,0.0,0.0,0.0,0.0,,
GR373NG,MILANO,,,Default,default,2,0.0,0.0,300.0,0.0,300.0,0.0,0.0,,1.0
GP885KW,UFFICIO MEZZI,,,Default,default,7,0.0,0.0,0.0,0.0,0.0,0.0,0.0,,
GP798ZX,FIRENZE FIERA,,,Default,default,7,0.0,0.0,0.0,0.0,0.0,0.0,0.0,,
GP760VF,VERDE,,,Default,default,2,0.0,0.0,0.0,0.0,0.0,0.0,0.0,,
GP225NC,PRATO EX TRACCIA,,,Default,default,2,0.0,0.0,0.0,0.0,0.0,0.0,0.0,,
GN998ZK,OFFICINA MOBILE ,,,Default,default,7,0.0,0.0,0.0,0.0,0.0,0.0,0.0,,
GN797XT,LUCCA,,,Default,default,7,0.0,0.0,0.0,0.0,0.0,0.0,0.0,,
GN248GS,COSTABISSARA,,,Default,default,7,0.0,0.0,0.0,0.0,0.0,0.0,0.0,,
GN084LK,ELETTRICISTI,,,Default,default,2,0.0,0.0,0.0,0.0,0.0,0.0,0.0,,
GM816KN,TRASLOCHI ,,,Default,default,2,0.0,0.0,0.0,0.0,0.0,0.0,0.0,,
GM508CJ,MANTOVA,,,Default,default,7,0.0,0.0,0.0,0.0,0.0,0.0,0.0,,
GL912ZP,U.tecnico.ambiente,,,Default,default,2,0.0,0.0,0.0,0.0,0.0,0.0,0.0,,
GL429YP,CARPI,,,Default,default,2,0.0,0.0,0.0,0.0,0.0,0.0,0.0,,
GL304YP,MILANO,,,Default,default,1,0.0,0.0,0.0,0.0,0.0,0.0,0.0,,
GL139YP,LUCCA,,,Default,default,1,0.0,0.0,0.0,0.0,0.0,0.0,0.0,,
GJ981PB,SORARIS,,,Default,default,7,0.0,0.0,0.0,0.0,0.0,0.0,0.0,,
GF502LEex,LORRAI ,,,Default,default,7,0.0,0.0,0.0,0.0,0.0,0.0,0.0,,
GF233KE,SORARIS,,,Default,default,3,0.0,0.0,0.0,0.0,0.0,0.0,0.0,,
FR631GC,UFFICIO MEZZI,,,Default,default,7,0.0,0.0,0.0,0.0,0.0,0.0,0.0,,
GA522ZHex,WAY,,,Default,default,7,0.0,0.0,0.0,0.0,0.0,0.0,0.0,,
FZ373CA,AREZZO,,,Default,default,7,0.0,0.0,0.0,0.0,0.0,0.0,0.0,,
FZ251CA,LUCCA,,,Default,default,7,0.0,0.0,0.0,0.0,0.0,0.0,0.0,,
FZ019SB,MENSE E RISTORAZIONE,,,Default,default,2,0.0,0.0,0.0,0.0,0.0,0.0,0.0,,
FY936MS,VERDE,,,Default,default,4,0.0,0.0,0.0,0.0,0.0,0.0,0.0,,
FY855BR,MILANO,,,Default,default,7,0.0,0.0,0.0,0.0,0.0,0.0,0.0,,
FY364CG,LORRAI ,,,Default,default,7,0.0,0.0,0.0,0.0,0.0,0.0,0.0,,
FX853SK,MENSE E RISTORAZIONE,,,Default,default,7,0.0,0.0,0.0,0.0,0.0,0.0,0.0,,
FX508ML,MILANO,,,Default,default,7,0.0,0.0,0.0,0.0,0.0,0.0,0.0,,
FX164TT,TRASLOCHI ,,,Default,default,7,0.0,0.0,0.0,0.0,0.0,0.0,0.0,,
FW260EP,SONIA MONTAGNA ,,,Default,default,7,0.0,0.0,0.0,0.0,0.0,0.0,0.0,,
FV251JH,MILANO,,,Default,default,6,0.0,0.0,0.0,0.0,0.0,0.0,0.0,,
FT931BZ,UTILYA,,,Default,default,7,0.0,0.0,0.0,0.0,0.0,0.0,0.0,,
FT472HP,MILANO,,,Default,default,7,0.0,0.0,0.0,0.0,0.0,0.0,0.0,,
FT469HP,MILANO,,,Default,default,7,0.0,0.0,0.0,0.0,0.0,0.0,0.0,,
FS202AD,TRASLOCHI ,,,Default,default,7,0.0,0.0,4.0,0.0,4.0,0.0,0.0,,1.0
FS018JPex,WAY,,,Default,default,7,0.0,0.0,0.0,0.0,0.0,0.0,0.0,,
FR742LM,UTILYA,,,Default,default,7,0.0,0.0,0.0,0.0,0.0,0.0,0.0,,
FZ524DW,LORRAI ,,,Default,default,7,0.0,0.0,0.0,0.0,0.0,0.0,0.0,,
GA543ZH,LUCCA,,,Default,default,7,0.0,0.0,0.0,0.0,0.0,0.0,0.0,,
GF124BX,EDILI ,,,Default,default,7,0.0,0.0,0.0,0.0,0.0,0.0,0.0,,
GA545ZH,LUCCA,,,Default,default,1,0.0,0.0,0.0,0.0,0.0,0.0,0.0,,
GE419VA,TRASLOCHI ,,,Default,default,3,0.0,0.0,0.0,0.0,0.0,0.0,0.0,,
GE412ZP,PULIZIE E MENSE NORD,,,Default,default,7,0.0,0.0,0.0,0.0,0.0,0.0,0.0,,
GE281JA,CAVAGLIA,,,Default,default,7,0.0,0.0,0.0,0.0,0.0,0.0,0.0,,
GD325BG,MENSE E RISTORAZIONE,,,Default,default,7,0.0,0.0,0.0,0.0,0.0,0.0,0.0,,
GD313NV,LUCCA,,,Default,default,7,0.0,0.0,0.0,0.0,0.0,0.0,0.0,,
GD252NV,SORARIS,,,Default,default,2,0.0,0.0,0.0,0.0,0.0,0.0,0.0,,
GC923KB,UTILYA NOVENTA ,,,Default,default,7,0.0,0.0,0.0,0.0,0.0,0.0,0.0,,
GC903HZ,MILANO,,,Default,default,7,0.0,0.0,0.0,0.0,0.0,0.0,0.0,,
GC899MN,FI SUD BAR VALLINA,,,Default,default,7,0.0,0.0,0.0,0.0,0.0,0.0,0.0,,
GC663XB,ConsorzioOrologio,,,Default,default,7,0.0,0.0,0.0,0.0,0.0,0.0,0.0,,
GC086RT,MANTOVA,,,Default,default,7,0.0,0.0,0.0,0.0,0.0,0.0,0.0,,
GC068RT,PONTASSIEVE,,,Default,default,1,0.0,0.0,0.0,0.0,0.0,0.0,0.0,,
GC009RT,PONTASSIEVE,,,Default,default,1,0.0,0.0,0.0,0.0,0.0,0.0,0.0,,
GB990ZG,LUCCA,,,Default,default,2,0.0,0.0,0.0,0.0,0.0,0.0,0.0,,
GB723AM,UTILYA NOVENTA ,,,Default,default,7,0.0,0.0,0.0,0.0,0.0,0.0,0.0,,
GB546ZG,MENSE E RISTORAZIONE,,,Default,default,7,0.0,0.0,0.0,0.0,0.0,0.0,0.0,,
GB545ZG,MENSE E RISTORAZIONE,,,Default,default,2,0.0,0.0,0.0,0.0,0.0,0.0,0.0,,
ZB991AJ,UTILYA NOVENTA ,,,Default,default,7,0.0,0.0,0.0,0.0,0.0,0.0,0.0,,
